game_id,season,game_date,home_team,away_team,home_pts,away_pts,margin,total_points,home_win,home_games_played,home_wins,home_losses,home_win_pct,home_pts_for_total,home_pts_for_per_game,home_plus_minus_total,home_plus_minus_per_game,home_recent_games,home_recent_wins,home_recent_losses,home_recent_plus_minus_total,home_recent_plus_minus_per_game,away_games_played,away_wins,away_losses,away_win_pct,away_pts_for_total,away_pts_for_per_game,away_plus_minus_total,away_plus_minus_per_game,away_recent_games,away_recent_wins,away_recent_losses,away_recent_plus_minus_total,away_recent_plus_minus_per_game,diff_games_played,diff_wins,diff_losses,diff_win_pct,diff_pts_for_per_game,diff_plus_minus_per_game,diff_recent_wins,diff_recent_losses,diff_recent_plus_minus_per_game
0022500003,2025-26,2025-10-22,NYK,CLE,119.0,111.0,8.0,230.0,1.0,0.0,0.0,0.0,0.0,0.0,0.0,0.0,0.0,0.0,0.0,0.0,0.0,0.0,0.0,0.0,0.0,0.0,0.0,0.0,0.0,0.0,0.0,0.0,0.0,0.0,0.0,0.0,0.0,0.0,0.0,0.0,0.0,0.0,0.0,0.0
0022500004,2025-26,2025-10-22,DAL,SAS,92.0,125.0,-33.0,217.0,0.0,0.0,0.0,0.0,0.0,0.0,0.0,0.0,0.0,0.0,0.0,0.0,0.0,0.0,0.0,0.0,0.0,0.0,0.0,0.0,0.0,0.0,0.0,0.0,0.0,0.0,0.0,0.0,0.0,0.0,0.0,0.0,0.0,0.0,0.0,0.0
0022500080,2025-26,2025-10-22,CHA,BKN,136.0,117.0,19.0,253.0,1.0,0.0,0.0,0.0,0.0,0.0,0.0,0.0,0.0,0.0,0.0,0.0,0.0,0.0,0.0,0.0,0.0,0.0,0.0,0.0,0.0,0.0,0.0,0.0,0.0,0.0,0.0,0.0,0.0,0.0,0.0,0.0,0.0,0.0,0.0,0.0
0022500081,2025-26,2025-10-22,ORL,MIA,125.0,121.0,4.0,246.0,1.0,0.0,0.0,0.0,0.0,0.0,0.0,0.0,0.0,0.0,0.0,0.0,0.0,0.0,0.0,0.0,0.0,0.0,0.0,0.0,0.0,0.0,0.0,0.0,0.0,0.0,0.0,0.0,0.0,0.0,0.0,0.0,0.0,0.0,0.0,0.0
0022500082,2025-26,2025-10-22,ATL,TOR,118.0,138.0,-20.0,256.0,0.0,0.0,0.0,0.0,0.0,0.0,0.0,0.0,0.0,0.0,0.0,0.0,0.0,0.0,0.0,0.0,0.0,0.0,0.0,0.0,0.0,0.0,0.0,0.0,0.0,0.0,0.0,0.0,0.0,0.0,0.0,0.0,0.0,0.0,0.0,0.0
0022500083,2025-26,2025-10-22,BOS,PHI,116.0,117.0,-1.0,233.0,0.0,0.0,0.0,0.0,0.0,0.0,0.0,0.0,0.0,0.0,0.0,0.0,0.0,0.0,0.0,0.0,0.0,0.0,0.0,0.0,0.0,0.0,0.0,0.0,0.0,0.0,0.0,0.0,0.0,0.0,0.0,0.0,0.0,0.0,0.0,0.0
0022500084,2025-26,2025-10-22,CHI,DET,115.0,111.0,4.0,226.0,1.0,0.0,0.0,0.0,0.0,0.0,0.0,0.0,0.0,0.0,0.0,0.0,0.0,0.0,0.0,0.0,0.0,0.0,0.0,0.0,0.0,0.0,0.0,0.0,0.0,0.0,0.0,0.0,0.0,0.0,0.0,0.0,0.0,0.0,0.0,0.0
0022500086,2025-26,2025-10-22,MIL,WAS,133.0,120.0,13.0,253.0,1.0,0.0,0.0,0.0,0.0,0.0,0.0,0.0,0.0,0.0,0.0,0.0,0.0,0.0,0.0,0.0,0.0,0.0,0.0,0.0,0.0,0.0,0.0,0.0,0.0,0.0,0.0,0.0,0.0,0.0,0.0,0.0,0.0,0.0,0.0,0.0
0022500087,2025-26,2025-10-22,UTA,LAC,129.0,108.0,21.0,237.0,1.0,0.0,0.0,0.0,0.0,0.0,0.0,0.0,0.0,0.0,0.0,0.0,0.0,0.0,0.0,0.0,0.0,0.0,0.0,0.0,0.0,0.0,0.0,0.0,0.0,0.0,0.0,0.0,0.0,0.0,0.0,0.0,0.0,0.0,0.0,0.0
0022500088,2025-26,2025-10-22,PHX,SAC,120.0,116.0,4.0,236.0,1.0,0.0,0.0,0.0,0.0,0.0,0.0,0.0,0.0,0.0,0.0,0.0,0.0,0.0,0.0,0.0,0.0,0.0,0.0,0.0,0.0,0.0,0.0,0.0,0.0,0.0,0.0,0.0,0.0,0.0,0.0,0.0,0.0,0.0,0.0,0.0
0022500089,2025-26,2025-10-22,POR,MIN,114.0,118.0,-4.0,232.0,0.0,0.0,0.0,0.0,0.0,0.0,0.0,0.0,0.0,0.0,0.0,0.0,0.0,0.0,0.0,0.0,0.0,0.0,0.0,0.0,0.0,0.0,0.0,0.0,0.0,0.0,0.0,0.0,0.0,0.0,0.0,0.0,0.0,0.0,0.0,0.0
0022500005,2025-26,2025-10-23,IND,OKC,135.0,141.0,-6.0,276.0,0.0,0.0,0.0,0.0,0.0,0.0,0.0,0.0,0.0,0.0,0.0,0.0,0.0,0.0,1.0,1.0,0.0,1.0,125.0,125.0,1.0,1.0,1.0,1.0,0.0,1.0,1.0,-1.0,-1.0,0.0,-1.0,-125.0,-1.0,-1.0,0.0,-1.0
0022500006,2025-26,2025-10-23,GSW,DEN,137.0,131.0,6.0,268.0,1.0,1.0,1.0,0.0,1.0,119.0,119.0,10.0,10.0,1.0,1.0,0.0,10.0,10.0,0.0,0.0,0.0,0.0,0.0,0.0,0.0,0.0,0.0,0.0,0.0,0.0,0.0,1.0,1.0,0.0,1.0,119.0,10.0,1.0,0.0,10.0
0022500018,2025-26,2025-10-24,NYK,BOS,105.0,95.0,10.0,200.0,1.0,1.0,1.0,0.0,1.0,119.0,119.0,8.0,8.0,1.0,1.0,0.0,8.0,8.0,1.0,0.0,1.0,0.0,116.0,116.0,-1.0,-1.0,1.0,0.0,1.0,-1.0,-1.0,0.0,1.0,-1.0,1.0,3.0,9.0,1.0,-1.0,9.0
0022500019,2025-26,2025-10-24,LAL,MIN,128.0,110.0,18.0,238.0,1.0,1.0,0.0,1.0,0.0,109.0,109.0,-10.0,-10.0,1.0,0.0,1.0,-10.0,-10.0,1.0,1.0,0.0,1.0,118.0,118.0,4.0,4.0,1.0,1.0,0.0,4.0,4.0,0.0,-1.0,1.0,-1.0,-9.0,-14.0,-1.0,1.0,-14.0
0022500090,2025-26,2025-10-24,ORL,ATL,107.0,111.0,-4.0,218.0,0.0,1.0,1.0,0.0,1.0,125.0,125.0,4.0,4.0,1.0,1.0,0.0,4.0,4.0,1.0,0.0,1.0,0.0,118.0,118.0,-20.0,-20.0,1.0,0.0,1.0,-20.0,-20.0,0.0,1.0,-1.0,1.0,7.0,24.0,1.0,-1.0,24.0
0022500091,2025-26,2025-10-24,BKN,CLE,124.0,131.0,-7.0,255.0,0.0,1.0,0.0,1.0,0.0,117.0,117.0,-19.0,-19.0,1.0,0.0,1.0,-19.0,-19.0,1.0,0.0,1.0,0.0,111.0,111.0,-8.0,-8.0,1.0,0.0,1.0,-8.0,-8.0,0.0,0.0,0.0,0.0,6.0,-11.0,0.0,0.0,-11.0
0022500092,2025-26,2025-10-24,TOR,MIL,116.0,122.0,-6.0,238.0,0.0,1.0,1.0,0.0,1.0,138.0,138.0,20.0,20.0,1.0,1.0,0.0,20.0,20.0,1.0,1.0,0.0,1.0,133.0,133.0,13.0,13.0,1.0,1.0,0.0,13.0,13.0,0.0,0.0,0.0,0.0,5.0,7.0,0.0,0.0,7.0
0022500093,2025-26,2025-10-24,HOU,DET,111.0,115.0,-4.0,226.0,0.0,1.0,0.0,1.0,0.0,124.0,124.0,-1.0,-1.0,1.0,0.0,1.0,-1.0,-1.0,1.0,0.0,1.0,0.0,111.0,111.0,-4.0,-4.0,1.0,0.0,1.0,-4.0,-4.0,0.0,0.0,0.0,0.0,13.0,3.0,0.0,0.0,3.0
0022500094,2025-26,2025-10-24,MEM,MIA,114.0,146.0,-32.0,260.0,0.0,1.0,1.0,0.0,1.0,128.0,128.0,6.0,6.0,1.0,1.0,0.0,6.0,6.0,1.0,0.0,1.0,0.0,121.0,121.0,-4.0,-4.0,1.0,0.0,1.0,-4.0,-4.0,0.0,1.0,-1.0,1.0,7.0,10.0,1.0,-1.0,10.0
0022500096,2025-26,2025-10-24,DAL,WAS,107.0,117.0,-10.0,224.0,0.0,1.0,0.0,1.0,0.0,92.0,92.0,-33.0,-33.0,1.0,0.0,1.0,-33.0,-33.0,1.0,0.0,1.0,0.0,120.0,120.0,-13.0,-13.0,1.0,0.0,1.0,-13.0,-13.0,0.0,0.0,0.0,0.0,-28.0,-20.0,0.0,0.0,-20.0
0022500097,2025-26,2025-10-24,POR,GSW,139.0,119.0,20.0,258.0,1.0,1.0,0.0,1.0,0.0,114.0,114.0,-4.0,-4.0,1.0,0.0,1.0,-4.0,-4.0,2.0,2.0,0.0,1.0,256.0,128.0,16.0,8.0,2.0,2.0,0.0,16.0,8.0,-1.0,-2.0,1.0,-1.0,-14.0,-12.0,-2.0,1.0,-12.0
0022500098,2025-26,2025-10-24,SAC,UTA,105.0,104.0,1.0,209.0,1.0,1.0,0.0,1.0,0.0,116.0,116.0,-4.0,-4.0,1.0,0.0,1.0,-4.0,-4.0,1.0,1.0,0.0,1.0,129.0,129.0,21.0,21.0,1.0,1.0,0.0,21.0,21.0,0.0,-1.0,1.0,-1.0,-13.0,-25.0,-1.0,1.0,-25.0
0022500099,2025-26,2025-10-24,LAC,PHX,129.0,102.0,27.0,231.0,1.0,1.0,0.0,1.0,0.0,108.0,108.0,-21.0,-21.0,1.0,0.0,1.0,-21.0,-21.0,1.0,1.0,0.0,1.0,120.0,120.0,4.0,4.0,1.0,1.0,0.0,4.0,4.0,0.0,-1.0,1.0,-1.0,-12.0,-25.0,-1.0,1.0,-25.0
0022500100,2025-26,2025-10-25,ORL,CHI,98.0,110.0,-12.0,208.0,0.0,2.0,1.0,1.0,0.5,232.0,116.0,0.0,0.0,2.0,1.0,1.0,0.0,0.0,1.0,1.0,0.0,1.0,115.0,115.0,4.0,4.0,1.0,1.0,0.0,4.0,4.0,1.0,0.0,1.0,-0.5,1.0,-4.0,0.0,1.0,-4.0
0022500101,2025-26,2025-10-25,ATL,OKC,100.0,117.0,-17.0,217.0,0.0,2.0,1.0,1.0,0.5,229.0,114.5,-16.0,-8.0,2.0,1.0,1.0,-16.0,-8.0,2.0,2.0,0.0,1.0,266.0,133.0,7.0,3.5,2.0,2.0,0.0,7.0,3.5,0.0,-1.0,1.0,-0.5,-18.5,-11.5,-1.0,1.0,-11.5
0022500102,2025-26,2025-10-25,PHI,CHA,125.0,121.0,4.0,246.0,1.0,1.0,1.0,0.0,1.0,117.0,117.0,1.0,1.0,1.0,1.0,0.0,1.0,1.0,1.0,1.0,0.0,1.0,136.0,136.0,19.0,19.0,1.0,1.0,0.0,19.0,19.0,0.0,0.0,0.0,0.0,-19.0,-18.0,0.0,0.0,-18.0
0022500103,2025-26,2025-10-25,MEM,IND,128.0,103.0,25.0,231.0,1.0,2.0,1.0,1.0,0.5,242.0,121.0,-26.0,-13.0,2.0,1.0,1.0,-26.0,-13.0,1.0,0.0,1.0,0.0,135.0,135.0,-6.0,-6.0,1.0,0.0,1.0,-6.0,-6.0,1.0,1.0,0.0,0.5,-14.0,-7.0,1.0,0.0,-7.0
0022500104,2025-26,2025-10-25,DEN,PHX,133.0,111.0,22.0,244.0,1.0,1.0,0.0,1.0,0.0,131.0,131.0,-6.0,-6.0,1.0,0.0,1.0,-6.0,-6.0,2.0,1.0,1.0,0.5,222.0,111.0,-23.0,-11.5,2.0,1.0,1.0,-23.0,-11.5,-1.0,-1.0,0.0,-0.5,20.0,5.5,-1.0,0.0,5.5
0022500105,2025-26,2025-10-26,SAS,BKN,118.0,107.0,11.0,225.0,1.0,2.0,2.0,0.0,1.0,245.0,122.5,37.0,18.5,2.0,2.0,0.0,37.0,18.5,2.0,0.0,2.0,0.0,241.0,120.5,-26.0,-13.0,2.0,0.0,2.0,-26.0,-13.0,0.0,2.0,-2.0,1.0,2.0,31.5,2.0,-2.0,31.5
0022500106,2025-26,2025-10-26,DET,BOS,119.0,113.0,6.0,232.0,1.0,2.0,1.0,1.0,0.5,226.0,113.0,0.0,0.0,2.0,1.0,1.0,0.0,0.0,2.0,0.0,2.0,0.0,211.0,105.5,-11.0,-5.5,2.0,0.0,2.0,-11.0,-5.5,0.0,1.0,-1.0,0.5,7.5,5.5,1.0,-1.0,5.5
0022500107,2025-26,2025-10-26,CLE,MIL,118.0,113.0,5.0,231.0,1.0,2.0,1.0,1.0,0.5,242.0,121.0,-1.0,-0.5,2.0,1.0,1.0,-1.0,-0.5,2.0,2.0,0.0,1.0,255.0,127.5,19.0,9.5,2.0,2.0,0.0,19.0,9.5,0.0,-1.0,1.0,-0.5,-6.5,-10.0,-1.0,1.0,-10.0
0022500108,2025-26,2025-10-26,MIA,NYK,115.0,107.0,8.0,222.0,1.0,2.0,1.0,1.0,0.5,267.0,133.5,28.0,14.0,2.0,1.0,1.0,28.0,14.0,2.0,2.0,0.0,1.0,224.0,112.0,18.0,9.0,2.0,2.0,0.0,18.0,9.0,0.0,-1.0,1.0,-0.5,21.5,5.0,-1.0,1.0,5.0
0022500109,2025-26,2025-10-26,WAS,CHA,113.0,139.0,-26.0,252.0,0.0,2.0,1.0,1.0,0.5,237.0,118.5,-3.0,-1.5,2.0,1.0,1.0,-3.0,-1.5,2.0,1.0,1.0,0.5,257.0,128.5,15.0,7.5,2.0,1.0,1.0,15.0,7.5,0.0,0.0,0.0,0.0,-10.0,-9.0,0.0,0.0,-9.0
0022500110,2025-26,2025-10-26,MIN,IND,114.0,110.0,4.0,224.0,1.0,2.0,1.0,1.0,0.5,228.0,114.0,-14.0,-7.0,2.0,1.0,1.0,-14.0,-7.0,2.0,0.0,2.0,0.0,238.0,119.0,-31.0,-15.5,2.0,0.0,2.0,-31.0,-15.5,0.0,1.0,-1.0,0.5,-5.0,8.5,1.0,-1.0,8.5
0022500111,2025-26,2025-10-26,DAL,TOR,139.0,129.0,10.0,268.0,1.0,2.0,0.0,2.0,0.0,199.0,99.5,-43.0,-21.5,2.0,0.0,2.0,-43.0,-21.5,2.0,1.0,1.0,0.5,254.0,127.0,14.0,7.0,2.0,1.0,1.0,14.0,7.0,0.0,-1.0,1.0,-0.5,-27.5,-28.5,-1.0,1.0,-28.5
0022500112,2025-26,2025-10-26,LAC,POR,114.0,107.0,7.0,221.0,1.0,2.0,1.0,1.0,0.5,237.0,118.5,6.0,3.0,2.0,1.0,1.0,6.0,3.0,2.0,1.0,1.0,0.5,253.0,126.5,16.0,8.0,2.0,1.0,1.0,16.0,8.0,0.0,0.0,0.0,0.0,-8.0,-5.0,0.0,0.0,-5.0
0022500113,2025-26,2025-10-26,SAC,LAL,120.0,127.0,-7.0,247.0,0.0,2.0,1.0,1.0,0.5,221.0,110.5,-3.0,-1.5,2.0,1.0,1.0,-3.0,-1.5,2.0,1.0,1.0,0.5,237.0,118.5,8.0,4.0,2.0,1.0,1.0,8.0,4.0,0.0,0.0,0.0,0.0,-8.0,-5.5,0.0,0.0,-5.5
0022500007,2025-26,2025-10-27,DET,CLE,95.0,116.0,-21.0,211.0,0.0,3.0,2.0,1.0,0.6666666666666666,345.0,115.0,6.0,2.0,3.0,2.0,1.0,6.0,2.0,3.0,2.0,1.0,0.6666666666666666,360.0,120.0,4.0,1.3333333333333333,3.0,2.0,1.0,4.0,1.3333333333333333,0.0,0.0,0.0,0.0,-5.0,0.6666666666666667,0.0,0.0,0.6666666666666667
0022500008,2025-26,2025-10-27,MIN,DEN,114.0,127.0,-13.0,241.0,0.0,3.0,2.0,1.0,0.6666666666666666,342.0,114.0,-10.0,-3.3333333333333335,3.0,2.0,1.0,-10.0,-3.3333333333333335,2.0,1.0,1.0,0.5,264.0,132.0,16.0,8.0,2.0,1.0,1.0,16.0,8.0,1.0,1.0,0.0,0.16666666666666663,-18.0,-11.333333333333334,1.0,0.0,-11.333333333333334
0022500114,2025-26,2025-10-27,PHI,ORL,136.0,124.0,12.0,260.0,1.0,2.0,2.0,0.0,1.0,242.0,121.0,5.0,2.5,2.0,2.0,0.0,5.0,2.5,3.0,1.0,2.0,0.3333333333333333,330.0,110.0,-12.0,-4.0,3.0,1.0,2.0,-12.0,-4.0,-1.0,1.0,-2.0,0.6666666666666667,11.0,6.5,1.0,-2.0,6.5
0022500115,2025-26,2025-10-27,CHI,ATL,128.0,123.0,5.0,251.0,1.0,2.0,2.0,0.0,1.0,225.0,112.5,16.0,8.0,2.0,2.0,0.0,16.0,8.0,3.0,1.0,2.0,0.3333333333333333,329.0,109.66666666666667,-33.0,-11.0,3.0,1.0,2.0,-33.0,-11.0,-1.0,1.0,-2.0,0.6666666666666667,2.8333333333333286,19.0,1.0,-2.0,19.0
0022500116,2025-26,2025-10-27,HOU,BKN,137.0,109.0,28.0,246.0,1.0,2.0,0.0,2.0,0.0,235.0,117.5,-5.0,-2.5,2.0,0.0,2.0,-5.0,-2.5,3.0,0.0,3.0,0.0,348.0,116.0,-37.0,-12.333333333333334,3.0,0.0,3.0,-37.0,-12.333333333333334,-1.0,0.0,-1.0,0.0,1.5,9.833333333333334,0.0,-1.0,9.833333333333334
0022500118,2025-26,2025-10-27,SAS,TOR,121.0,103.0,18.0,224.0,1.0,3.0,3.0,0.0,1.0,363.0,121.0,48.0,16.0,3.0,3.0,0.0,48.0,16.0,3.0,1.0,2.0,0.3333333333333333,383.0,127.66666666666667,4.0,1.3333333333333333,3.0,1.0,2.0,4.0,1.3333333333333333,0.0,2.0,-2.0,0.6666666666666667,-6.666666666666671,14.666666666666666,2.0,-2.0,14.666666666666666
0022500119,2025-26,2025-10-27,DAL,OKC,94.0,101.0,-7.0,195.0,0.0,3.0,1.0,2.0,0.3333333333333333,338.0,112.66666666666667,-33.0,-11.0,3.0,1.0,2.0,-33.0,-11.0,3.0,3.0,0.0,1.0,383.0,127.66666666666667,24.0,8.0,3.0,3.0,0.0,24.0,8.0,0.0,-2.0,2.0,-0.6666666666666667,-15.0,-19.0,-2.0,2.0,-19.0
0022500120,2025-26,2025-10-27,UTA,PHX,138.0,134.0,4.0,272.0,1.0,2.0,1.0,1.0,0.5,233.0,116.5,20.0,10.0,2.0,1.0,1.0,20.0,10.0,3.0,1.0,2.0,0.3333333333333333,333.0,111.0,-45.0,-15.0,3.0,1.0,2.0,-45.0,-15.0,-1.0,0.0,-1.0,0.16666666666666669,5.5,25.0,0.0,-1.0,25.0
0022500121,2025-26,2025-10-27,GSW,MEM,131.0,118.0,13.0,249.0,1.0,3.0,2.0,1.0,0.6666666666666666,375.0,125.0,-4.0,-1.3333333333333333,3.0,2.0,1.0,-4.0,-1.3333333333333333,3.0,2.0,1.0,0.6666666666666666,370.0,123.33333333333333,-1.0,-0.3333333333333333,3.0,2.0,1.0,-1.0,-0.3333333333333333,0.0,0.0,0.0,0.0,1.6666666666666714,-1.0,0.0,0.0,-1.0
0022500122,2025-26,2025-10-27,LAL,POR,108.0,122.0,-14.0,230.0,0.0,3.0,2.0,1.0,0.6666666666666666,364.0,121.33333333333333,15.0,5.0,3.0,2.0,1.0,15.0,5.0,3.0,1.0,2.0,0.3333333333333333,360.0,120.0,9.0,3.0,3.0,1.0,2.0,9.0,3.0,0.0,1.0,-1.0,0.3333333333333333,1.3333333333333286,2.0,1.0,-1.0,2.0
0022500123,2025-26,2025-10-28,WAS,PHI,134.0,139.0,-5.0,273.0,0.0,3.0,1.0,2.0,0.3333333333333333,350.0,116.66666666666667,-29.0,-9.666666666666666,3.0,1.0,2.0,-29.0,-9.666666666666666,3.0,3.0,0.0,1.0,378.0,126.0,17.0,5.666666666666667,3.0,3.0,0.0,17.0,5.666666666666667,0.0,-2.0,2.0,-0.6666666666666667,-9.333333333333329,-15.333333333333332,-2.0,2.0,-15.333333333333332
0022500124,2025-26,2025-10-28,MIA,CHA,144.0,117.0,27.0,261.0,1.0,3.0,2.0,1.0,0.6666666666666666,382.0,127.33333333333333,36.0,12.0,3.0,2.0,1.0,36.0,12.0,3.0,2.0,1.0,0.6666666666666666,396.0,132.0,41.0,13.666666666666666,3.0,2.0,1.0,41.0,13.666666666666666,0.0,0.0,0.0,0.0,-4.666666666666671,-1.666666666666666,0.0,0.0,-1.666666666666666
0022500125,2025-26,2025-10-28,MIL,NYK,121.0,111.0,10.0,232.0,1.0,3.0,2.0,1.0,0.6666666666666666,368.0,122.66666666666667,14.0,4.666666666666667,3.0,2.0,1.0,14.0,4.666666666666667,3.0,2.0,1.0,0.6666666666666666,331.0,110.33333333333333,10.0,3.3333333333333335,3.0,2.0,1.0,10.0,3.3333333333333335,0.0,0.0,0.0,0.0,12.333333333333343,1.3333333333333335,0.0,0.0,1.3333333333333335
0022500126,2025-26,2025-10-28,OKC,SAC,107.0,101.0,6.0,208.0,1.0,4.0,4.0,0.0,1.0,484.0,121.0,31.0,7.75,4.0,4.0,0.0,31.0,7.75,3.0,1.0,2.0,0.3333333333333333,341.0,113.66666666666667,-10.0,-3.3333333333333335,3.0,1.0,2.0,-10.0,-3.3333333333333335,1.0,3.0,-2.0,0.6666666666666667,7.333333333333329,11.083333333333334,3.0,-2.0,11.083333333333334
0022500127,2025-26,2025-10-28,GSW,LAC,98.0,79.0,19.0,177.0,1.0,4.0,3.0,1.0,0.75,506.0,126.5,9.0,2.25,4.0,3.0,1.0,9.0,2.25,3.0,2.0,1.0,0.6666666666666666,351.0,117.0,13.0,4.333333333333333,3.0,2.0,1.0,13.0,4.333333333333333,1.0,1.0,0.0,0.08333333333333337,9.5,-2.083333333333333,1.0,0.0,-2.083333333333333
0022500128,2025-26,2025-10-29,BOS,CLE,125.0,105.0,20.0,230.0,1.0,4.0,1.0,3.0,0.25,446.0,111.5,15.0,3.75,4.0,1.0,3.0,15.0,3.75,4.0,3.0,1.0,0.75,476.0,119.0,25.0,6.25,4.0,3.0,1.0,25.0,6.25,0.0,-2.0,2.0,-0.5,-7.5,-2.5,-2.0,2.0,-2.5
0022500129,2025-26,2025-10-29,DET,ORL,135.0,116.0,19.0,251.0,1.0,4.0,2.0,2.0,0.5,440.0,110.0,-15.0,-3.75,4.0,2.0,2.0,-15.0,-3.75,4.0,1.0,3.0,0.25,454.0,113.5,-24.0,-6.0,4.0,1.0,3.0,-24.0,-6.0,0.0,1.0,-1.0,0.25,-3.5,2.25,1.0,-1.0,2.25
0022500130,2025-26,2025-10-29,BKN,ATL,112.0,117.0,-5.0,229.0,0.0,4.0,0.0,4.0,0.0,457.0,114.25,-65.0,-16.25,4.0,0.0,4.0,-65.0,-16.25,4.0,1.0,3.0,0.25,452.0,113.0,-38.0,-9.5,4.0,1.0,3.0,-38.0,-9.5,0.0,-1.0,1.0,-0.25,1.25,-6.75,-1.0,1.0,-6.75
0022500131,2025-26,2025-10-29,TOR,HOU,121.0,139.0,-18.0,260.0,0.0,4.0,1.0,3.0,0.25,486.0,121.5,-14.0,-3.5,4.0,1.0,3.0,-14.0,-3.5,3.0,1.0,2.0,0.3333333333333333,372.0,124.0,23.0,7.666666666666667,3.0,1.0,2.0,23.0,7.666666666666667,1.0,0.0,1.0,-0.08333333333333331,-2.5,-11.166666666666668,0.0,1.0,-11.166666666666668
0022500132,2025-26,2025-10-29,CHI,SAC,126.0,113.0,13.0,239.0,1.0,3.0,3.0,0.0,1.0,353.0,117.66666666666667,21.0,7.0,3.0,3.0,0.0,21.0,7.0,4.0,1.0,3.0,0.25,442.0,110.5,-16.0,-4.0,4.0,1.0,3.0,-16.0,-4.0,-1.0,2.0,-3.0,0.75,7.166666666666671,11.0,2.0,-3.0,11.0
0022500133,2025-26,2025-10-29,DAL,IND,107.0,105.0,2.0,212.0,1.0,4.0,1.0,3.0,0.25,432.0,108.0,-40.0,-10.0,4.0,1.0,3.0,-40.0,-10.0,3.0,0.0,3.0,0.0,348.0,116.0,-35.0,-11.666666666666666,3.0,0.0,3.0,-35.0,-11.666666666666666,1.0,1.0,0.0,0.25,-8.0,1.666666666666666,1.0,0.0,1.666666666666666
0022500135,2025-26,2025-10-29,UTA,POR,134.0,136.0,-2.0,270.0,0.0,3.0,2.0,1.0,0.6666666666666666,371.0,123.66666666666667,24.0,8.0,3.0,2.0,1.0,24.0,8.0,4.0,2.0,2.0,0.5,482.0,120.5,23.0,5.75,4.0,2.0,2.0,23.0,5.75,-1.0,0.0,-1.0,0.16666666666666663,3.1666666666666714,2.25,0.0,-1.0,2.25
0022500136,2025-26,2025-10-29,MIN,LAL,115.0,116.0,-1.0,231.0,0.0,4.0,2.0,2.0,0.5,456.0,114.0,-23.0,-5.75,4.0,2.0,2.0,-23.0,-5.75,4.0,2.0,2.0,0.5,472.0,118.0,1.0,0.25,4.0,2.0,2.0,1.0,0.25,0.0,0.0,0.0,0.0,-4.0,-6.0,0.0,0.0,-6.0
0022500137,2025-26,2025-10-29,PHX,MEM,113.0,114.0,-1.0,227.0,0.0,4.0,1.0,3.0,0.25,467.0,116.75,-49.0,-12.25,4.0,1.0,3.0,-49.0,-12.25,4.0,2.0,2.0,0.5,488.0,122.0,-14.0,-3.5,4.0,2.0,2.0,-14.0,-3.5,0.0,-1.0,1.0,-0.25,-5.25,-8.75,-1.0,1.0,-8.75
0022500138,2025-26,2025-10-30,CHA,ORL,107.0,123.0,-16.0,230.0,0.0,4.0,2.0,2.0,0.5,513.0,128.25,14.0,3.5,4.0,2.0,2.0,14.0,3.5,5.0,1.0,4.0,0.2,570.0,114.0,-43.0,-8.6,5.0,1.0,4.0,-43.0,-8.6,-1.0,1.0,-2.0,0.3,14.25,12.1,1.0,-2.0,12.1
0022500139,2025-26,2025-10-30,MIL,GSW,120.0,110.0,10.0,230.0,1.0,4.0,3.0,1.0,0.75,489.0,122.25,24.0,6.0,4.0,3.0,1.0,24.0,6.0,5.0,4.0,1.0,0.8,604.0,120.8,28.0,5.6,5.0,4.0,1.0,28.0,5.6,-1.0,-1.0,0.0,-0.050000000000000044,1.4500000000000028,0.40000000000000036,-1.0,0.0,0.40000000000000036
0022500140,2025-26,2025-10-30,OKC,WAS,127.0,108.0,19.0,235.0,1.0,5.0,5.0,0.0,1.0,591.0,118.2,37.0,7.4,5.0,5.0,0.0,37.0,7.4,4.0,1.0,3.0,0.25,484.0,121.0,-34.0,-8.5,4.0,1.0,3.0,-34.0,-8.5,1.0,4.0,-3.0,0.75,-2.799999999999997,15.9,4.0,-3.0,15.9
0022500141,2025-26,2025-10-30,SAS,MIA,107.0,101.0,6.0,208.0,1.0,4.0,4.0,0.0,1.0,484.0,121.0,66.0,16.5,4.0,4.0,0.0,66.0,16.5,4.0,3.0,1.0,0.75,526.0,131.5,63.0,15.75,4.0,3.0,1.0,63.0,15.75,0.0,1.0,-1.0,0.25,-10.5,0.75,1.0,-1.0,0.75
0022500020,2025-26,2025-10-31,IND,ATL,108.0,128.0,-20.0,236.0,0.0,4.0,0.0,4.0,0.0,453.0,113.25,-37.0,-9.25,4.0,0.0,4.0,-37.0,-9.25,5.0,2.0,3.0,0.4,569.0,113.8,-33.0,-6.6,5.0,2.0,3.0,-33.0,-6.6,-1.0,-2.0,1.0,-0.4,-0.5499999999999972,-2.6500000000000004,-2.0,1.0,-2.6500000000000004
0022500021,2025-26,2025-10-31,PHI,BOS,108.0,109.0,-1.0,217.0,0.0,4.0,4.0,0.0,1.0,517.0,129.25,22.0,5.5,4.0,4.0,0.0,22.0,5.5,5.0,2.0,3.0,0.4,571.0,114.2,35.0,7.0,5.0,2.0,3.0,35.0,7.0,-1.0,2.0,-3.0,0.6,15.049999999999997,-1.5,2.0,-3.0,-1.5
0022500022,2025-26,2025-10-31,CLE,TOR,101.0,112.0,-11.0,213.0,0.0,5.0,3.0,2.0,0.6,581.0,116.2,5.0,1.0,5.0,3.0,2.0,5.0,1.0,5.0,1.0,4.0,0.2,607.0,121.4,-32.0,-6.4,5.0,1.0,4.0,-32.0,-6.4,0.0,2.0,-2.0,0.39999999999999997,-5.200000000000003,7.4,2.0,-2.0,7.4
0022500023,2025-26,2025-10-31,CHI,NYK,135.0,125.0,10.0,260.0,1.0,4.0,4.0,0.0,1.0,479.0,119.75,34.0,8.5,4.0,4.0,0.0,34.0,8.5,4.0,2.0,2.0,0.5,442.0,110.5,0.0,0.0,4.0,2.0,2.0,0.0,0.0,0.0,2.0,-2.0,0.5,9.25,8.5,2.0,-2.0,8.5
0022500024,2025-26,2025-10-31,MEM,LAL,112.0,117.0,-5.0,229.0,0.0,5.0,3.0,2.0,0.6,602.0,120.4,-13.0,-2.6,5.0,3.0,2.0,-13.0,-2.6,5.0,3.0,2.0,0.6,588.0,117.6,2.0,0.4,5.0,3.0,2.0,2.0,0.4,0.0,0.0,0.0,0.0,2.8000000000000114,-3.0,0.0,0.0,-3.0
0022500025,2025-26,2025-10-31,PHX,UTA,118.0,96.0,22.0,214.0,1.0,5.0,1.0,4.0,0.2,580.0,116.0,-50.0,-10.0,5.0,1.0,4.0,-50.0,-10.0,4.0,2.0,2.0,0.5,505.0,126.25,22.0,5.5,4.0,2.0,2.0,22.0,5.5,1.0,-1.0,2.0,-0.3,-10.25,-15.5,-1.0,2.0,-15.5
0022500026,2025-26,2025-10-31,POR,DEN,109.0,107.0,2.0,216.0,1.0,5.0,3.0,2.0,0.6,618.0,123.6,25.0,5.0,5.0,3.0,2.0,25.0,5.0,4.0,3.0,1.0,0.75,513.0,128.25,63.0,15.75,4.0,3.0,1.0,63.0,15.75,1.0,0.0,1.0,-0.15000000000000002,-4.650000000000006,-10.75,0.0,1.0,-10.75
0022500142,2025-26,2025-11-01,MIL,SAC,133.0,135.0,-2.0,268.0,0.0,5.0,4.0,1.0,0.8,609.0,121.8,34.0,6.8,5.0,4.0,1.0,34.0,6.8,5.0,1.0,4.0,0.2,555.0,111.0,-29.0,-5.8,5.0,1.0,4.0,-29.0,-5.8,0.0,3.0,-3.0,0.6000000000000001,10.799999999999997,12.6,3.0,-3.0,12.6
0022500143,2025-26,2025-11-01,CHA,MIN,105.0,122.0,-17.0,227.0,0.0,5.0,2.0,3.0,0.4,620.0,124.0,-2.0,-0.4,5.0,2.0,3.0,-2.0,-0.4,5.0,2.0,3.0,0.4,571.0,114.2,-24.0,-4.8,5.0,2.0,3.0,-24.0,-4.8,0.0,0.0,0.0,0.0,9.799999999999997,4.3999999999999995,0.0,0.0,4.3999999999999995
0022500144,2025-26,2025-11-01,IND,GSW,114.0,109.0,5.0,223.0,1.0,5.0,0.0,5.0,0.0,561.0,112.2,-57.0,-11.4,5.0,0.0,5.0,-57.0,-11.4,6.0,4.0,2.0,0.6666666666666666,714.0,119.0,18.0,3.0,5.0,3.0,2.0,8.0,1.6,-1.0,-4.0,3.0,-0.6666666666666666,-6.799999999999997,-14.4,-3.0,3.0,-13.0
0022500145,2025-26,2025-11-01,WAS,ORL,94.0,125.0,-31.0,219.0,0.0,5.0,1.0,4.0,0.2,592.0,118.4,-53.0,-10.6,5.0,1.0,4.0,-53.0,-10.6,6.0,2.0,4.0,0.3333333333333333,693.0,115.5,-27.0,-4.5,5.0,1.0,4.0,-31.0,-6.2,-1.0,-1.0,0.0,-0.1333333333333333,2.9000000000000057,-6.1,0.0,0.0,-4.3999999999999995
0022500146,2025-26,2025-11-01,BOS,HOU,101.0,128.0,-27.0,229.0,0.0,6.0,3.0,3.0,0.5,680.0,113.33333333333333,36.0,6.0,5.0,3.0,2.0,37.0,7.4,4.0,2.0,2.0,0.5,511.0,127.75,41.0,10.25,4.0,2.0,2.0,41.0,10.25,2.0,1.0,1.0,0.0,-14.416666666666671,-4.25,1.0,0.0,-2.8499999999999996
0022500147,2025-26,2025-11-01,DET,DAL,122.0,110.0,12.0,232.0,1.0,5.0,3.0,2.0,0.6,575.0,115.0,4.0,0.8,5.0,3.0,2.0,4.0,0.8,5.0,2.0,3.0,0.4,539.0,107.8,-38.0,-7.6,5.0,2.0,3.0,-38.0,-7.6,0.0,1.0,-1.0,0.19999999999999996,7.200000000000003,8.4,1.0,-1.0,8.4
0022500149,2025-26,2025-11-02,BKN,PHI,105.0,129.0,-24.0,234.0,0.0,5.0,0.0,5.0,0.0,569.0,113.8,-70.0,-14.0,5.0,0.0,5.0,-70.0,-14.0,5.0,4.0,1.0,0.8,625.0,125.0,21.0,4.2,5.0,4.0,1.0,21.0,4.2,0.0,-4.0,4.0,-0.8,-11.200000000000003,-18.2,-4.0,4.0,-18.2
0022500150,2025-26,2025-11-02,CHA,UTA,126.0,103.0,23.0,229.0,1.0,6.0,2.0,4.0,0.3333333333333333,725.0,120.83333333333333,-19.0,-3.1666666666666665,5.0,1.0,4.0,-38.0,-7.6,5.0,2.0,3.0,0.4,601.0,120.2,0.0,0.0,5.0,2.0,3.0,0.0,0.0,1.0,0.0,1.0,-0.06666666666666671,0.6333333333333258,-3.1666666666666665,-1.0,1.0,-7.6
0022500151,2025-26,2025-11-02,CLE,ATL,117.0,109.0,8.0,226.0,1.0,6.0,3.0,3.0,0.5,682.0,113.66666666666667,-6.0,-1.0,5.0,3.0,2.0,2.0,0.4,6.0,3.0,3.0,0.5,697.0,116.16666666666667,-13.0,-2.1666666666666665,5.0,3.0,2.0,7.0,1.4,0.0,0.0,0.0,0.0,-2.5,1.1666666666666665,0.0,0.0,-0.9999999999999999
0022500152,2025-26,2025-11-02,TOR,MEM,117.0,104.0,13.0,221.0,1.0,6.0,2.0,4.0,0.3333333333333333,719.0,119.83333333333333,-21.0,-3.5,5.0,1.0,4.0,-41.0,-8.2,6.0,3.0,3.0,0.5,714.0,119.0,-18.0,-3.0,5.0,2.0,3.0,-24.0,-4.8,0.0,-1.0,1.0,-0.16666666666666669,0.8333333333333286,-0.5,-1.0,1.0,-3.3999999999999995
0022500153,2025-26,2025-11-02,NYK,CHI,128.0,116.0,12.0,244.0,1.0,5.0,2.0,3.0,0.4,567.0,113.4,-10.0,-2.0,5.0,2.0,3.0,-10.0,-2.0,5.0,5.0,0.0,1.0,614.0,122.8,44.0,8.8,5.0,5.0,0.0,44.0,8.8,0.0,-3.0,3.0,-0.6,-9.399999999999991,-10.8,-3.0,3.0,-10.8
0022500154,2025-26,2025-11-02,PHX,SAS,130.0,118.0,12.0,248.0,1.0,6.0,2.0,4.0,0.3333333333333333,698.0,116.33333333333333,-28.0,-4.666666666666667,5.0,1.0,4.0,-32.0,-6.4,5.0,5.0,0.0,1.0,591.0,118.2,72.0,14.4,5.0,5.0,0.0,72.0,14.4,1.0,-3.0,4.0,-0.6666666666666667,-1.8666666666666742,-19.066666666666666,-4.0,4.0,-20.8
0022500155,2025-26,2025-11-02,LAL,MIA,130.0,120.0,10.0,250.0,1.0,6.0,4.0,2.0,0.6666666666666666,705.0,117.5,7.0,1.1666666666666667,5.0,4.0,1.0,17.0,3.4,5.0,3.0,2.0,0.6,627.0,125.4,57.0,11.4,5.0,3.0,2.0,57.0,11.4,1.0,1.0,0.0,0.06666666666666665,-7.900000000000006,-10.233333333333334,1.0,-1.0,-8.0
0022500156,2025-26,2025-11-03,BKN,MIN,109.0,125.0,-16.0,234.0,0.0,6.0,0.0,6.0,0.0,674.0,112.33333333333333,-94.0,-15.666666666666666,5.0,0.0,5.0,-75.0,-15.0,6.0,3.0,3.0,0.5,693.0,115.5,-7.0,-1.1666666666666667,5.0,2.0,3.0,-11.0,-2.2,0.0,-3.0,3.0,-0.5,-3.1666666666666714,-14.5,-2.0,2.0,-12.8
0022500157,2025-26,2025-11-03,IND,MIL,115.0,117.0,-2.0,232.0,0.0,6.0,1.0,5.0,0.16666666666666666,675.0,112.5,-52.0,-8.666666666666666,5.0,1.0,4.0,-46.0,-9.2,6.0,4.0,2.0,0.6666666666666666,742.0,123.66666666666667,32.0,5.333333333333333,5.0,3.0,2.0,19.0,3.8,0.0,-3.0,3.0,-0.5,-11.166666666666671,-14.0,-2.0,2.0,-13.0
0022500158,2025-26,2025-11-03,BOS,UTA,103.0,105.0,-2.0,208.0,0.0,7.0,3.0,4.0,0.42857142857142855,781.0,111.57142857142857,9.0,1.2857142857142858,5.0,3.0,2.0,20.0,4.0,6.0,2.0,4.0,0.3333333333333333,704.0,117.33333333333333,-23.0,-3.8333333333333335,5.0,1.0,4.0,-44.0,-8.8,1.0,1.0,0.0,0.09523809523809523,-5.761904761904759,5.1190476190476195,2.0,-2.0,12.8
0022500159,2025-26,2025-11-03,NYK,WAS,119.0,102.0,17.0,221.0,1.0,6.0,3.0,3.0,0.5,695.0,115.83333333333333,2.0,0.3333333333333333,5.0,2.0,3.0,-6.0,-1.2,6.0,1.0,5.0,0.16666666666666666,686.0,114.33333333333333,-84.0,-14.0,5.0,1.0,4.0,-71.0,-14.2,0.0,2.0,-2.0,0.33333333333333337,1.5,14.333333333333334,1.0,-1.0,13.0
0022500160,2025-26,2025-11-03,HOU,DAL,110.0,102.0,8.0,212.0,1.0,5.0,3.0,2.0,0.6,639.0,127.8,68.0,13.6,5.0,3.0,2.0,68.0,13.6,6.0,2.0,4.0,0.3333333333333333,649.0,108.16666666666667,-50.0,-8.333333333333334,5.0,2.0,3.0,-17.0,-3.4,-1.0,1.0,-2.0,0.26666666666666666,19.633333333333326,21.933333333333334,1.0,-1.0,17.0
0022500161,2025-26,2025-11-03,MEM,DET,106.0,114.0,-8.0,220.0,0.0,7.0,3.0,4.0,0.42857142857142855,818.0,116.85714285714286,-31.0,-4.428571428571429,5.0,2.0,3.0,-5.0,-1.0,6.0,4.0,2.0,0.6666666666666666,697.0,116.16666666666667,16.0,2.6666666666666665,5.0,4.0,1.0,20.0,4.0,1.0,-1.0,2.0,-0.23809523809523808,0.6904761904761898,-7.095238095238095,-2.0,2.0,-5.0
0022500162,2025-26,2025-11-03,DEN,SAC,130.0,124.0,6.0,254.0,1.0,5.0,3.0,2.0,0.6,620.0,124.0,61.0,12.2,5.0,3.0,2.0,61.0,12.2,6.0,2.0,4.0,0.3333333333333333,690.0,115.0,-27.0,-4.5,5.0,2.0,3.0,-23.0,-4.6,-1.0,1.0,-2.0,0.26666666666666666,9.0,16.7,1.0,-1.0,16.799999999999997
0022500163,2025-26,2025-11-03,POR,LAL,115.0,123.0,-8.0,238.0,0.0,6.0,4.0,2.0,0.6666666666666666,727.0,121.16666666666667,27.0,4.5,5.0,4.0,1.0,31.0,6.2,7.0,5.0,2.0,0.7142857142857143,835.0,119.28571428571429,17.0,2.4285714285714284,5.0,4.0,1.0,9.0,1.8,-1.0,-1.0,0.0,-0.04761904761904767,1.8809523809523796,2.0714285714285716,0.0,0.0,4.4
0022500164,2025-26,2025-11-03,LAC,MIA,119.0,120.0,-1.0,239.0,0.0,5.0,3.0,2.0,0.6,556.0,111.2,-4.0,-0.8,5.0,3.0,2.0,-4.0,-0.8,6.0,3.0,3.0,0.5,747.0,124.5,47.0,7.833333333333333,5.0,3.0,2.0,51.0,10.2,-1.0,0.0,-1.0,0.09999999999999998,-13.299999999999997,-8.633333333333333,0.0,0.0,-11.0
0022500165,2025-26,2025-11-04,TOR,MIL,128.0,100.0,28.0,228.0,1.0,7.0,3.0,4.0,0.42857142857142855,836.0,119.42857142857143,-8.0,-1.1428571428571428,5.0,2.0,3.0,-22.0,-4.4,7.0,5.0,2.0,0.7142857142857143,859.0,122.71428571428571,34.0,4.857142857142857,5.0,3.0,2.0,15.0,3.0,0.0,-2.0,2.0,-0.28571428571428575,-3.2857142857142776,-6.0,-1.0,1.0,-7.4
0022500166,2025-26,2025-11-04,ATL,ORL,127.0,112.0,15.0,239.0,1.0,7.0,3.0,4.0,0.42857142857142855,806.0,115.14285714285714,-21.0,-3.0,5.0,2.0,3.0,-5.0,-1.0,7.0,3.0,4.0,0.42857142857142855,818.0,116.85714285714286,4.0,0.5714285714285714,5.0,2.0,3.0,4.0,0.8,0.0,0.0,0.0,0.0,-1.7142857142857224,-3.571428571428571,0.0,0.0,-1.8
0022500167,2025-26,2025-11-04,CHI,PHI,113.0,111.0,2.0,224.0,1.0,6.0,5.0,1.0,0.8333333333333334,730.0,121.66666666666667,32.0,5.333333333333333,5.0,4.0,1.0,28.0,5.6,6.0,5.0,1.0,0.8333333333333334,754.0,125.66666666666667,45.0,7.5,5.0,4.0,1.0,44.0,8.8,0.0,0.0,0.0,0.0,-4.0,-2.166666666666667,0.0,0.0,-3.200000000000001
0022500169,2025-26,2025-11-04,GSW,PHX,118.0,107.0,11.0,225.0,1.0,7.0,4.0,3.0,0.5714285714285714,823.0,117.57142857142857,13.0,1.8571428571428572,5.0,2.0,3.0,-3.0,-0.6,7.0,3.0,4.0,0.42857142857142855,828.0,118.28571428571429,-16.0,-2.2857142857142856,5.0,2.0,3.0,7.0,1.4,0.0,1.0,-1.0,0.14285714285714285,-0.7142857142857224,4.142857142857142,0.0,0.0,-2.0
0022500170,2025-26,2025-11-04,LAC,OKC,107.0,126.0,-19.0,233.0,0.0,6.0,3.0,3.0,0.5,675.0,112.5,-5.0,-0.8333333333333334,5.0,3.0,2.0,16.0,3.2,7.0,7.0,0.0,1.0,855.0,122.14285714285714,87.0,12.428571428571429,5.0,5.0,0.0,80.0,16.0,-1.0,-4.0,3.0,-0.5,-9.642857142857139,-13.261904761904763,-2.0,2.0,-12.8
0022500171,2025-26,2025-11-05,CLE,PHI,132.0,121.0,11.0,253.0,1.0,7.0,4.0,3.0,0.5714285714285714,799.0,114.14285714285714,2.0,0.2857142857142857,5.0,3.0,2.0,3.0,0.6,7.0,5.0,2.0,0.7142857142857143,865.0,123.57142857142857,43.0,6.142857142857143,5.0,3.0,2.0,38.0,7.6,0.0,-1.0,1.0,-0.1428571428571429,-9.42857142857143,-5.857142857142858,0.0,0.0,-7.0
0022500172,2025-26,2025-11-05,DET,UTA,114.0,103.0,11.0,217.0,1.0,7.0,5.0,2.0,0.7142857142857143,811.0,115.85714285714286,24.0,3.4285714285714284,5.0,4.0,1.0,24.0,4.8,7.0,3.0,4.0,0.42857142857142855,809.0,115.57142857142857,-21.0,-3.0,5.0,2.0,3.0,-41.0,-8.2,0.0,2.0,-2.0,0.28571428571428575,0.2857142857142918,6.428571428571429,2.0,-2.0,13.0
0022500173,2025-26,2025-11-05,IND,BKN,103.0,112.0,-9.0,215.0,0.0,7.0,1.0,6.0,0.14285714285714285,790.0,112.85714285714286,-54.0,-7.714285714285714,5.0,1.0,4.0,-23.0,-4.6,7.0,0.0,7.0,0.0,783.0,111.85714285714286,-110.0,-15.714285714285714,5.0,0.0,5.0,-84.0,-16.8,0.0,1.0,-1.0,0.14285714285714285,1.0,7.999999999999999,1.0,-1.0,12.200000000000001
0022500174,2025-26,2025-11-05,BOS,WAS,136.0,107.0,29.0,243.0,1.0,8.0,3.0,5.0,0.375,884.0,110.5,7.0,0.875,5.0,3.0,2.0,24.0,4.8,7.0,1.0,6.0,0.14285714285714285,788.0,112.57142857142857,-101.0,-14.428571428571429,5.0,0.0,5.0,-98.0,-19.6,1.0,2.0,-1.0,0.23214285714285715,-2.0714285714285694,15.303571428571429,3.0,-3.0,24.400000000000002
0022500175,2025-26,2025-11-05,NYK,MIN,137.0,114.0,23.0,251.0,1.0,7.0,4.0,3.0,0.5714285714285714,814.0,116.28571428571429,19.0,2.7142857142857144,5.0,2.0,3.0,1.0,0.2,7.0,4.0,3.0,0.5714285714285714,818.0,116.85714285714286,9.0,1.2857142857142858,5.0,3.0,2.0,23.0,4.6,0.0,0.0,0.0,0.0,-0.5714285714285694,1.4285714285714286,-1.0,1.0,-4.3999999999999995
0022500176,2025-26,2025-11-05,MEM,HOU,109.0,124.0,-15.0,233.0,0.0,8.0,3.0,5.0,0.375,924.0,115.5,-39.0,-4.875,5.0,1.0,4.0,-38.0,-7.6,6.0,4.0,2.0,0.6666666666666666,749.0,124.83333333333333,76.0,12.666666666666666,5.0,4.0,1.0,77.0,15.4,2.0,-1.0,3.0,-0.29166666666666663,-9.333333333333329,-17.541666666666664,-3.0,3.0,-23.0
0022500178,2025-26,2025-11-05,DEN,MIA,122.0,112.0,10.0,234.0,1.0,6.0,4.0,2.0,0.6666666666666666,750.0,125.0,67.0,11.166666666666666,5.0,4.0,1.0,73.0,14.6,7.0,4.0,3.0,0.5714285714285714,867.0,123.85714285714286,48.0,6.857142857142857,5.0,3.0,2.0,20.0,4.0,-1.0,0.0,-1.0,0.09523809523809523,1.1428571428571388,4.309523809523809,1.0,-1.0,10.6
0022500179,2025-26,2025-11-05,LAL,SAS,118.0,116.0,2.0,234.0,1.0,8.0,6.0,2.0,0.75,958.0,119.75,25.0,3.125,5.0,4.0,1.0,10.0,2.0,6.0,5.0,1.0,0.8333333333333334,709.0,118.16666666666667,60.0,10.0,5.0,4.0,1.0,27.0,5.4,2.0,1.0,1.0,-0.08333333333333337,1.5833333333333286,-6.875,0.0,0.0,-3.4000000000000004
0022500180,2025-26,2025-11-05,POR,OKC,121.0,119.0,2.0,240.0,1.0,7.0,4.0,3.0,0.5714285714285714,842.0,120.28571428571429,19.0,2.7142857142857144,5.0,3.0,2.0,3.0,0.6,8.0,8.0,0.0,1.0,981.0,122.625,106.0,13.25,5.0,5.0,0.0,82.0,16.4,-1.0,-4.0,3.0,-0.4285714285714286,-2.339285714285708,-10.535714285714285,-2.0,2.0,-15.799999999999999
0022500181,2025-26,2025-11-05,SAC,GSW,121.0,116.0,5.0,237.0,1.0,7.0,2.0,5.0,0.2857142857142857,814.0,116.28571428571429,-33.0,-4.714285714285714,5.0,1.0,4.0,-30.0,-6.0,8.0,5.0,3.0,0.625,941.0,117.625,24.0,3.0,5.0,3.0,2.0,28.0,5.6,-1.0,-3.0,2.0,-0.3392857142857143,-1.3392857142857082,-7.714285714285714,-2.0,2.0,-11.6
0022500182,2025-26,2025-11-06,PHX,LAC,115.0,102.0,13.0,217.0,1.0,8.0,3.0,5.0,0.375,935.0,116.875,-27.0,-3.375,5.0,2.0,3.0,18.0,3.6,7.0,3.0,4.0,0.42857142857142855,782.0,111.71428571428571,-24.0,-3.4285714285714284,5.0,2.0,3.0,-30.0,-6.0,1.0,0.0,1.0,-0.05357142857142855,5.160714285714292,0.05357142857142838,0.0,0.0,9.6
0022500028,2025-26,2025-11-07,ORL,BOS,123.0,110.0,13.0,233.0,1.0,8.0,3.0,5.0,0.375,930.0,116.25,-11.0,-1.375,5.0,2.0,3.0,1.0,0.2,9.0,4.0,5.0,0.4444444444444444,1020.0,113.33333333333333,36.0,4.0,5.0,3.0,2.0,21.0,4.2,-1.0,-1.0,0.0,-0.06944444444444442,2.9166666666666714,-5.375,-1.0,1.0,-4.0
0022500029,2025-26,2025-11-07,WAS,CLE,115.0,148.0,-33.0,263.0,0.0,8.0,1.0,7.0,0.125,895.0,111.875,-130.0,-16.25,5.0,0.0,5.0,-101.0,-20.2,8.0,5.0,3.0,0.625,931.0,116.375,13.0,1.625,5.0,3.0,2.0,9.0,1.8,0.0,-4.0,4.0,-0.5,-4.5,-17.875,-3.0,3.0,-22.0
0022500030,2025-26,2025-11-07,ATL,TOR,97.0,109.0,-12.0,206.0,0.0,8.0,4.0,4.0,0.5,933.0,116.625,-6.0,-0.75,5.0,3.0,2.0,27.0,5.4,8.0,4.0,4.0,0.5,964.0,120.5,20.0,2.5,5.0,3.0,2.0,16.0,3.2,0.0,0.0,0.0,0.0,-3.875,-3.25,0.0,0.0,2.2
0022500031,2025-26,2025-11-07,BKN,DET,107.0,125.0,-18.0,232.0,0.0,8.0,1.0,7.0,0.125,895.0,111.875,-101.0,-12.625,5.0,1.0,4.0,-64.0,-12.8,8.0,6.0,2.0,0.75,925.0,115.625,35.0,4.375,5.0,4.0,1.0,29.0,5.8,0.0,-5.0,5.0,-0.625,-3.75,-17.0,-3.0,3.0,-18.6
0022500032,2025-26,2025-11-07,SAS,HOU,121.0,110.0,11.0,231.0,1.0,7.0,5.0,2.0,0.7142857142857143,825.0,117.85714285714286,58.0,8.285714285714286,5.0,3.0,2.0,21.0,4.2,7.0,5.0,2.0,0.7142857142857143,873.0,124.71428571428571,91.0,13.0,5.0,5.0,0.0,96.0,19.2,0.0,0.0,0.0,0.0,-6.857142857142847,-4.7142857142857135,-2.0,2.0,-15.0
0022500033,2025-26,2025-11-07,MIA,CHA,126.0,108.0,18.0,234.0,1.0,8.0,4.0,4.0,0.5,979.0,122.375,38.0,4.75,5.0,2.0,3.0,2.0,0.4,8.0,3.0,5.0,0.375,963.0,120.375,0.0,0.0,5.0,1.0,4.0,-41.0,-8.2,0.0,1.0,-1.0,0.125,2.0,4.75,1.0,-1.0,8.6
0022500034,2025-26,2025-11-07,MEM,DAL,118.0,104.0,14.0,222.0,1.0,9.0,3.0,6.0,0.3333333333333333,1033.0,114.77777777777777,-54.0,-6.0,5.0,1.0,4.0,-40.0,-8.0,8.0,2.0,6.0,0.25,850.0,106.25,-60.0,-7.5,5.0,1.0,4.0,-27.0,-5.4,1.0,1.0,0.0,0.08333333333333331,8.527777777777771,1.5,0.0,0.0,-2.5999999999999996
0022500035,2025-26,2025-11-07,MIL,CHI,126.0,110.0,16.0,236.0,1.0,8.0,5.0,3.0,0.625,959.0,119.875,6.0,0.75,5.0,3.0,2.0,-8.0,-1.6,7.0,6.0,1.0,0.8571428571428571,843.0,120.42857142857143,34.0,4.857142857142857,5.0,4.0,1.0,18.0,3.6,1.0,-1.0,2.0,-0.2321428571428571,-0.5535714285714306,-4.107142857142857,-1.0,1.0,-5.2
0022500036,2025-26,2025-11-07,MIN,UTA,137.0,97.0,40.0,234.0,1.0,8.0,4.0,4.0,0.5,932.0,116.5,-14.0,-1.75,5.0,2.0,3.0,-4.0,-0.8,8.0,3.0,5.0,0.375,912.0,114.0,-32.0,-4.0,5.0,1.0,4.0,-56.0,-11.2,0.0,1.0,-1.0,0.125,2.5,2.25,1.0,-1.0,10.399999999999999
0022500037,2025-26,2025-11-07,DEN,GSW,129.0,104.0,25.0,233.0,1.0,7.0,5.0,2.0,0.7142857142857143,872.0,124.57142857142857,77.0,11.0,5.0,4.0,1.0,61.0,12.2,9.0,5.0,4.0,0.5555555555555556,1057.0,117.44444444444444,19.0,2.111111111111111,5.0,2.0,3.0,10.0,2.0,-2.0,0.0,-2.0,0.15873015873015872,7.1269841269841265,8.88888888888889,2.0,-2.0,10.2
0022500038,2025-26,2025-11-07,SAC,OKC,101.0,132.0,-31.0,233.0,0.0,8.0,3.0,5.0,0.375,935.0,116.875,-28.0,-3.5,5.0,2.0,3.0,-18.0,-3.6,9.0,8.0,1.0,0.8888888888888888,1100.0,122.22222222222223,104.0,11.555555555555555,5.0,4.0,1.0,73.0,14.6,-1.0,-5.0,4.0,-0.5138888888888888,-5.3472222222222285,-15.055555555555555,-2.0,2.0,-18.2
0022500183,2025-26,2025-11-08,WAS,DAL,105.0,111.0,-6.0,216.0,0.0,9.0,1.0,8.0,0.1111111111111111,1010.0,112.22222222222223,-163.0,-18.11111111111111,5.0,0.0,5.0,-129.0,-25.8,9.0,2.0,7.0,0.2222222222222222,954.0,106.0,-74.0,-8.222222222222221,5.0,1.0,4.0,-34.0,-6.8,0.0,-1.0,1.0,-0.1111111111111111,6.2222222222222285,-9.88888888888889,-1.0,1.0,-19.0
0022500184,2025-26,2025-11-08,PHI,TOR,130.0,120.0,10.0,250.0,1.0,8.0,5.0,3.0,0.625,986.0,123.25,32.0,4.0,5.0,2.0,3.0,15.0,3.0,9.0,5.0,4.0,0.5555555555555556,1073.0,119.22222222222223,32.0,3.5555555555555554,5.0,4.0,1.0,46.0,9.2,-1.0,0.0,-1.0,0.06944444444444442,4.0277777777777715,0.44444444444444464,-2.0,2.0,-6.199999999999999
0022500185,2025-26,2025-11-08,ATL,LAL,122.0,102.0,20.0,224.0,1.0,9.0,4.0,5.0,0.4444444444444444,1030.0,114.44444444444444,-18.0,-2.0,5.0,3.0,2.0,20.0,4.0,9.0,7.0,2.0,0.7777777777777778,1076.0,119.55555555555556,27.0,3.0,5.0,5.0,0.0,26.0,5.2,0.0,-3.0,3.0,-0.33333333333333337,-5.111111111111114,-5.0,-2.0,2.0,-1.2000000000000002
0022500186,2025-26,2025-11-08,CLE,CHI,128.0,122.0,6.0,250.0,1.0,9.0,6.0,3.0,0.6666666666666666,1079.0,119.88888888888889,46.0,5.111111111111111,5.0,3.0,2.0,21.0,4.2,8.0,6.0,2.0,0.75,953.0,119.125,18.0,2.25,5.0,3.0,2.0,-3.0,-0.6,1.0,0.0,1.0,-0.08333333333333337,0.7638888888888857,2.8611111111111107,0.0,0.0,4.8
0022500187,2025-26,2025-11-08,MIA,POR,136.0,131.0,5.0,267.0,1.0,9.0,5.0,4.0,0.5555555555555556,1105.0,122.77777777777777,56.0,6.222222222222222,5.0,2.0,3.0,-7.0,-1.4,8.0,5.0,3.0,0.625,963.0,120.375,21.0,2.625,5.0,4.0,1.0,12.0,2.4,1.0,0.0,1.0,-0.06944444444444442,2.4027777777777715,3.5972222222222223,-2.0,2.0,-3.8
0022500189,2025-26,2025-11-08,DEN,IND,117.0,100.0,17.0,217.0,1.0,8.0,6.0,2.0,0.75,1001.0,125.125,102.0,12.75,5.0,4.0,1.0,73.0,14.6,8.0,1.0,7.0,0.125,893.0,111.625,-63.0,-7.875,5.0,1.0,4.0,-28.0,-5.6,0.0,5.0,-5.0,0.625,13.5,20.625,3.0,-3.0,20.2
0022500190,2025-26,2025-11-08,LAC,PHX,103.0,114.0,-11.0,217.0,0.0,8.0,3.0,5.0,0.375,884.0,110.5,-37.0,-4.625,5.0,1.0,4.0,-50.0,-10.0,9.0,4.0,5.0,0.4444444444444444,1050.0,116.66666666666667,-14.0,-1.5555555555555556,5.0,3.0,2.0,35.0,7.0,-1.0,-1.0,0.0,-0.06944444444444442,-6.166666666666671,-3.0694444444444446,-2.0,2.0,-17.0
0022500191,2025-26,2025-11-09,MIL,HOU,115.0,122.0,-7.0,237.0,0.0,9.0,6.0,3.0,0.6666666666666666,1085.0,120.55555555555556,22.0,2.4444444444444446,5.0,3.0,2.0,-2.0,-0.4,8.0,5.0,3.0,0.625,983.0,122.875,80.0,10.0,5.0,4.0,1.0,57.0,11.4,1.0,1.0,0.0,0.04166666666666663,-2.319444444444443,-7.555555555555555,-1.0,1.0,-11.8
0022500192,2025-26,2025-11-09,NYK,BKN,134.0,98.0,36.0,232.0,1.0,8.0,5.0,3.0,0.625,951.0,118.875,42.0,5.25,5.0,3.0,2.0,32.0,6.4,9.0,1.0,8.0,0.1111111111111111,1002.0,111.33333333333333,-119.0,-13.222222222222221,5.0,1.0,4.0,-54.0,-10.8,-1.0,4.0,-5.0,0.5138888888888888,7.541666666666671,18.47222222222222,2.0,-2.0,17.200000000000003
0022500193,2025-26,2025-11-09,ORL,BOS,107.0,111.0,-4.0,218.0,0.0,9.0,4.0,5.0,0.4444444444444444,1053.0,117.0,2.0,0.2222222222222222,5.0,3.0,2.0,26.0,5.2,10.0,4.0,6.0,0.4,1130.0,113.0,23.0,2.3,5.0,2.0,3.0,-12.0,-2.4,-1.0,0.0,-1.0,0.0444444444444444,4.0,-2.0777777777777775,1.0,-1.0,7.6
0022500194,2025-26,2025-11-09,MEM,OKC,100.0,114.0,-14.0,214.0,0.0,10.0,4.0,6.0,0.4,1151.0,115.1,-40.0,-4.0,5.0,1.0,4.0,-27.0,-5.4,10.0,9.0,1.0,0.9,1232.0,123.2,135.0,13.5,5.0,4.0,1.0,98.0,19.6,0.0,-5.0,5.0,-0.5,-8.100000000000009,-17.5,-3.0,3.0,-25.0
0022500195,2025-26,2025-11-09,PHI,DET,108.0,111.0,-3.0,219.0,0.0,9.0,6.0,3.0,0.6666666666666666,1116.0,124.0,42.0,4.666666666666667,5.0,2.0,3.0,20.0,4.0,9.0,7.0,2.0,0.7777777777777778,1050.0,116.66666666666667,53.0,5.888888888888889,5.0,5.0,0.0,68.0,13.6,0.0,-1.0,1.0,-0.11111111111111116,7.333333333333329,-1.2222222222222223,-3.0,3.0,-9.6
0022500196,2025-26,2025-11-09,GSW,IND,114.0,83.0,31.0,197.0,1.0,10.0,5.0,5.0,0.5,1161.0,116.1,-6.0,-0.6,5.0,1.0,4.0,-34.0,-6.8,9.0,1.0,8.0,0.1111111111111111,993.0,110.33333333333333,-80.0,-8.88888888888889,5.0,1.0,4.0,-43.0,-8.6,1.0,4.0,-3.0,0.3888888888888889,5.766666666666666,8.28888888888889,0.0,0.0,1.7999999999999998
0022500197,2025-26,2025-11-09,SAC,MIN,117.0,144.0,-27.0,261.0,0.0,9.0,3.0,6.0,0.3333333333333333,1036.0,115.11111111111111,-59.0,-6.555555555555555,5.0,2.0,3.0,-43.0,-8.6,9.0,5.0,4.0,0.5555555555555556,1069.0,118.77777777777777,26.0,2.888888888888889,5.0,3.0,2.0,49.0,9.8,0.0,-2.0,2.0,-0.22222222222222227,-3.666666666666657,-9.444444444444445,-1.0,1.0,-18.4
0022500198,2025-26,2025-11-10,CHA,LAL,111.0,121.0,-10.0,232.0,0.0,9.0,3.0,6.0,0.3333333333333333,1071.0,119.0,-18.0,-2.0,5.0,1.0,4.0,-32.0,-6.4,10.0,7.0,3.0,0.7,1178.0,117.8,7.0,0.7,5.0,4.0,1.0,5.0,1.0,-1.0,-4.0,3.0,-0.36666666666666664,1.2000000000000028,-2.7,-3.0,3.0,-7.4
0022500199,2025-26,2025-11-10,DET,WAS,137.0,135.0,2.0,272.0,1.0,10.0,8.0,2.0,0.8,1161.0,116.1,56.0,5.6,5.0,5.0,0.0,52.0,10.4,10.0,1.0,9.0,0.1,1115.0,111.5,-169.0,-16.9,5.0,0.0,5.0,-116.0,-23.2,0.0,7.0,-7.0,0.7000000000000001,4.599999999999994,22.5,5.0,-5.0,33.6
0022500200,2025-26,2025-11-10,ORL,POR,115.0,112.0,3.0,227.0,1.0,10.0,4.0,6.0,0.4,1160.0,116.0,-2.0,-0.2,5.0,3.0,2.0,41.0,8.2,9.0,5.0,4.0,0.5555555555555556,1094.0,121.55555555555556,16.0,1.7777777777777777,5.0,3.0,2.0,-7.0,-1.4,1.0,-1.0,2.0,-0.15555555555555556,-5.555555555555557,-1.9777777777777776,0.0,0.0,9.6
0022500201,2025-26,2025-11-10,MIA,CLE,140.0,138.0,2.0,278.0,1.0,10.0,6.0,4.0,0.6,1241.0,124.1,61.0,6.1,5.0,3.0,2.0,4.0,0.8,10.0,7.0,3.0,0.7,1207.0,120.7,52.0,5.2,5.0,4.0,1.0,47.0,9.4,0.0,-1.0,1.0,-0.09999999999999998,3.3999999999999915,0.8999999999999995,-1.0,1.0,-8.6
0022500202,2025-26,2025-11-10,CHI,SAS,117.0,121.0,-4.0,238.0,0.0,9.0,6.0,3.0,0.6666666666666666,1075.0,119.44444444444444,12.0,1.3333333333333333,5.0,2.0,3.0,-22.0,-4.4,9.0,7.0,2.0,0.7777777777777778,1072.0,119.11111111111111,76.0,8.444444444444445,5.0,3.0,2.0,10.0,2.0,0.0,-1.0,1.0,-0.11111111111111116,0.3333333333333286,-7.111111111111112,-1.0,1.0,-6.4
0022500203,2025-26,2025-11-10,DAL,MIL,114.0,116.0,-2.0,230.0,0.0,10.0,3.0,7.0,0.3,1065.0,106.5,-68.0,-6.8,5.0,1.0,4.0,-30.0,-6.0,10.0,6.0,4.0,0.6,1200.0,120.0,15.0,1.5,5.0,2.0,3.0,-19.0,-3.8,0.0,-3.0,3.0,-0.3,-13.5,-8.3,-1.0,1.0,-2.2
0022500205,2025-26,2025-11-10,UTA,MIN,113.0,120.0,-7.0,233.0,0.0,9.0,3.0,6.0,0.3333333333333333,1009.0,112.11111111111111,-72.0,-8.0,5.0,1.0,4.0,-94.0,-18.8,10.0,6.0,4.0,0.6,1213.0,121.3,53.0,5.3,5.0,4.0,1.0,77.0,15.4,-1.0,-3.0,2.0,-0.26666666666666666,-9.188888888888883,-13.3,-3.0,3.0,-34.2
0022500206,2025-26,2025-11-10,LAC,ATL,102.0,105.0,-3.0,207.0,0.0,9.0,3.0,6.0,0.3333333333333333,987.0,109.66666666666667,-48.0,-5.333333333333333,5.0,1.0,4.0,-42.0,-8.4,10.0,5.0,5.0,0.5,1152.0,115.2,2.0,0.2,5.0,3.0,2.0,35.0,7.0,-1.0,-2.0,1.0,-0.16666666666666669,-5.533333333333331,-5.533333333333333,-2.0,2.0,-15.4
0022500207,2025-26,2025-11-11,BKN,TOR,109.0,119.0,-10.0,228.0,0.0,10.0,1.0,9.0,0.1,1100.0,110.0,-155.0,-15.5,5.0,1.0,4.0,-85.0,-17.0,10.0,5.0,5.0,0.5,1193.0,119.3,22.0,2.2,5.0,4.0,1.0,54.0,10.8,0.0,-4.0,4.0,-0.4,-9.299999999999997,-17.7,-3.0,3.0,-27.8
0022500208,2025-26,2025-11-11,NYK,MEM,133.0,120.0,13.0,253.0,1.0,9.0,6.0,3.0,0.6666666666666666,1085.0,120.55555555555556,78.0,8.666666666666666,5.0,4.0,1.0,78.0,15.6,11.0,4.0,7.0,0.36363636363636365,1251.0,113.72727272727273,-54.0,-4.909090909090909,5.0,1.0,4.0,-36.0,-7.2,-2.0,2.0,-4.0,0.303030303030303,6.828282828282823,13.575757575757574,3.0,-3.0,22.8
0022500209,2025-26,2025-11-11,PHI,BOS,102.0,100.0,2.0,202.0,1.0,10.0,6.0,4.0,0.6,1224.0,122.4,39.0,3.9,5.0,2.0,3.0,18.0,3.6,11.0,5.0,6.0,0.45454545454545453,1241.0,112.81818181818181,27.0,2.4545454545454546,5.0,2.0,3.0,-9.0,-1.8,-1.0,1.0,-2.0,0.14545454545454545,9.581818181818193,1.4454545454545453,0.0,0.0,5.4
0022500210,2025-26,2025-11-11,OKC,GSW,126.0,102.0,24.0,228.0,1.0,11.0,10.0,1.0,0.9090909090909091,1346.0,122.36363636363636,149.0,13.545454545454545,5.0,4.0,1.0,93.0,18.6,11.0,6.0,5.0,0.5454545454545454,1275.0,115.9090909090909,25.0,2.272727272727273,5.0,2.0,3.0,7.0,1.4,0.0,4.0,-4.0,0.36363636363636365,6.454545454545453,11.272727272727272,2.0,-2.0,17.200000000000003
0022500211,2025-26,2025-11-11,UTA,IND,152.0,128.0,24.0,280.0,1.0,10.0,3.0,7.0,0.3,1122.0,112.2,-79.0,-7.9,5.0,1.0,4.0,-79.0,-15.8,10.0,1.0,9.0,0.1,1076.0,107.6,-111.0,-11.1,5.0,1.0,4.0,-54.0,-10.8,0.0,2.0,-2.0,0.19999999999999998,4.6000000000000085,3.1999999999999993,0.0,0.0,-5.0
0022500212,2025-26,2025-11-11,SAC,DEN,108.0,122.0,-14.0,230.0,0.0,10.0,3.0,7.0,0.3,1153.0,115.3,-86.0,-8.6,5.0,2.0,3.0,-57.0,-11.4,9.0,7.0,2.0,0.7777777777777778,1118.0,124.22222222222223,119.0,13.222222222222221,5.0,4.0,1.0,56.0,11.2,1.0,-4.0,5.0,-0.4777777777777778,-8.922222222222231,-21.822222222222223,-2.0,2.0,-22.6
0022500213,2025-26,2025-11-12,CHA,MIL,111.0,100.0,11.0,211.0,1.0,10.0,3.0,7.0,0.3,1182.0,118.2,-28.0,-2.8,5.0,1.0,4.0,-26.0,-5.2,11.0,7.0,4.0,0.6363636363636364,1316.0,119.63636363636364,17.0,1.5454545454545454,5.0,3.0,2.0,-15.0,-3.0,-1.0,-4.0,3.0,-0.33636363636363636,-1.4363636363636374,-4.345454545454546,-2.0,2.0,-2.2
0022500214,2025-26,2025-11-12,DET,CHI,124.0,113.0,11.0,237.0,1.0,11.0,9.0,2.0,0.8181818181818182,1298.0,118.0,58.0,5.2727272727272725,5.0,5.0,0.0,42.0,8.4,10.0,6.0,4.0,0.6,1192.0,119.2,8.0,0.8,5.0,1.0,4.0,-36.0,-7.2,1.0,3.0,-2.0,0.21818181818181825,-1.2000000000000028,4.472727272727273,4.0,-4.0,15.600000000000001
0022500215,2025-26,2025-11-12,NYK,ORL,107.0,124.0,-17.0,231.0,0.0,10.0,7.0,3.0,0.7,1218.0,121.8,91.0,9.1,5.0,5.0,0.0,101.0,20.2,11.0,5.0,6.0,0.45454545454545453,1275.0,115.9090909090909,1.0,0.09090909090909091,5.0,3.0,2.0,28.0,5.6,-1.0,2.0,-3.0,0.24545454545454543,5.890909090909091,9.009090909090908,2.0,-2.0,14.6
0022500216,2025-26,2025-11-12,BOS,MEM,131.0,95.0,36.0,226.0,1.0,12.0,5.0,7.0,0.4166666666666667,1341.0,111.75,25.0,2.0833333333333335,5.0,2.0,3.0,16.0,3.2,12.0,4.0,8.0,0.3333333333333333,1371.0,114.25,-67.0,-5.583333333333333,5.0,1.0,4.0,-36.0,-7.2,0.0,1.0,-1.0,0.08333333333333337,-2.5,7.666666666666666,1.0,-1.0,10.4
0022500217,2025-26,2025-11-12,MIA,CLE,116.0,130.0,-14.0,246.0,0.0,11.0,7.0,4.0,0.6363636363636364,1381.0,125.54545454545455,63.0,5.7272727272727275,5.0,4.0,1.0,16.0,3.2,11.0,7.0,4.0,0.6363636363636364,1345.0,122.27272727272727,50.0,4.545454545454546,5.0,4.0,1.0,56.0,11.2,0.0,0.0,0.0,0.0,3.2727272727272805,1.1818181818181817,0.0,0.0,-7.999999999999999
0022500218,2025-26,2025-11-12,HOU,WAS,135.0,112.0,23.0,247.0,1.0,9.0,6.0,3.0,0.6666666666666666,1105.0,122.77777777777777,87.0,9.666666666666666,5.0,4.0,1.0,46.0,9.2,11.0,1.0,10.0,0.09090909090909091,1250.0,113.63636363636364,-171.0,-15.545454545454545,5.0,0.0,5.0,-87.0,-17.4,-2.0,5.0,-7.0,0.5757575757575757,9.141414141414131,25.21212121212121,4.0,-4.0,26.599999999999998
0022500220,2025-26,2025-11-12,SAS,GSW,120.0,125.0,-5.0,245.0,0.0,10.0,8.0,2.0,0.8,1193.0,119.3,80.0,8.0,5.0,3.0,2.0,8.0,1.6,12.0,6.0,6.0,0.5,1377.0,114.75,1.0,0.08333333333333333,5.0,2.0,3.0,-12.0,-2.4,-2.0,2.0,-4.0,0.30000000000000004,4.549999999999997,7.916666666666667,1.0,-1.0,4.0
0022500221,2025-26,2025-11-12,DAL,PHX,114.0,123.0,-9.0,237.0,0.0,11.0,3.0,8.0,0.2727272727272727,1179.0,107.18181818181819,-70.0,-6.363636363636363,5.0,1.0,4.0,-20.0,-4.0,11.0,6.0,5.0,0.5454545454545454,1285.0,116.81818181818181,20.0,1.8181818181818181,5.0,4.0,1.0,48.0,9.6,0.0,-3.0,3.0,-0.2727272727272727,-9.636363636363626,-8.181818181818182,-3.0,3.0,-13.6
0022500222,2025-26,2025-11-12,OKC,LAL,121.0,92.0,29.0,213.0,1.0,12.0,11.0,1.0,0.9166666666666666,1472.0,122.66666666666667,173.0,14.416666666666666,5.0,4.0,1.0,86.0,17.2,11.0,8.0,3.0,0.7272727272727273,1299.0,118.0909090909091,17.0,1.5454545454545454,5.0,4.0,1.0,10.0,2.0,1.0,3.0,-2.0,0.18939393939393934,4.575757575757578,12.871212121212121,0.0,0.0,15.2
0022500223,2025-26,2025-11-12,SAC,ATL,100.0,133.0,-33.0,233.0,0.0,11.0,3.0,8.0,0.2727272727272727,1261.0,114.63636363636364,-100.0,-9.090909090909092,5.0,1.0,4.0,-73.0,-14.6,11.0,6.0,5.0,0.5454545454545454,1257.0,114.27272727272727,5.0,0.45454545454545453,5.0,3.0,2.0,18.0,3.6,0.0,-3.0,3.0,-0.2727272727272727,0.36363636363637397,-9.545454545454547,-2.0,2.0,-18.2
0022500224,2025-26,2025-11-12,LAC,DEN,116.0,130.0,-14.0,246.0,0.0,10.0,3.0,7.0,0.3,1089.0,108.9,-51.0,-5.1,5.0,0.0,5.0,-47.0,-9.4,10.0,8.0,2.0,0.8,1240.0,124.0,133.0,13.3,5.0,5.0,0.0,72.0,14.4,0.0,-5.0,5.0,-0.5,-15.099999999999994,-18.4,-5.0,5.0,-23.8
0022500225,2025-26,2025-11-13,CLE,TOR,113.0,126.0,-13.0,239.0,0.0,12.0,8.0,4.0,0.6666666666666666,1475.0,122.91666666666667,64.0,5.333333333333333,5.0,4.0,1.0,62.0,12.4,11.0,6.0,5.0,0.5454545454545454,1312.0,119.27272727272727,32.0,2.909090909090909,5.0,4.0,1.0,53.0,10.6,1.0,2.0,-1.0,0.12121212121212122,3.643939393939405,2.424242424242424,0.0,0.0,1.8000000000000007
0022500226,2025-26,2025-11-13,PHX,IND,133.0,98.0,35.0,231.0,1.0,12.0,7.0,5.0,0.5833333333333334,1408.0,117.33333333333333,29.0,2.4166666666666665,5.0,4.0,1.0,45.0,9.0,11.0,1.0,10.0,0.09090909090909091,1204.0,109.45454545454545,-135.0,-12.272727272727273,5.0,0.0,5.0,-83.0,-16.6,1.0,6.0,-5.0,0.49242424242424243,7.878787878787875,14.68939393939394,4.0,-4.0,25.6
0022500227,2025-26,2025-11-13,UTA,ATL,122.0,132.0,-10.0,254.0,0.0,11.0,4.0,7.0,0.36363636363636365,1274.0,115.81818181818181,-55.0,-5.0,5.0,2.0,3.0,-32.0,-6.4,12.0,7.0,5.0,0.5833333333333334,1390.0,115.83333333333333,38.0,3.1666666666666665,5.0,4.0,1.0,59.0,11.8,-1.0,-3.0,2.0,-0.21969696969696972,-0.015151515151515582,-8.166666666666666,-2.0,2.0,-18.200000000000003
0022500039,2025-26,2025-11-14,NYK,MIA,140.0,132.0,8.0,272.0,1.0,11.0,7.0,4.0,0.6363636363636364,1325.0,120.45454545454545,74.0,6.7272727272727275,5.0,4.0,1.0,72.0,14.4,12.0,7.0,5.0,0.5833333333333334,1497.0,124.75,49.0,4.083333333333333,5.0,3.0,2.0,1.0,0.2,-1.0,0.0,-1.0,0.05303030303030298,-4.295454545454547,2.6439393939393945,1.0,-1.0,14.200000000000001
0022500040,2025-26,2025-11-14,ORL,BKN,105.0,98.0,7.0,203.0,1.0,12.0,6.0,6.0,0.5,1399.0,116.58333333333333,18.0,1.5,5.0,3.0,2.0,14.0,2.8,11.0,1.0,10.0,0.09090909090909091,1209.0,109.9090909090909,-165.0,-15.0,5.0,1.0,4.0,-71.0,-14.2,1.0,5.0,-4.0,0.40909090909090906,6.674242424242422,16.5,2.0,-2.0,17.0
0022500041,2025-26,2025-11-14,DET,PHI,114.0,105.0,9.0,219.0,1.0,12.0,10.0,2.0,0.8333333333333334,1422.0,118.5,69.0,5.75,5.0,5.0,0.0,45.0,9.0,11.0,7.0,4.0,0.6363636363636364,1326.0,120.54545454545455,41.0,3.727272727272727,5.0,2.0,3.0,-4.0,-0.8,1.0,3.0,-2.0,0.19696969696969702,-2.0454545454545467,2.022727272727273,3.0,-3.0,9.8
0022500042,2025-26,2025-11-14,HOU,POR,140.0,116.0,24.0,256.0,1.0,10.0,7.0,3.0,0.7,1240.0,124.0,110.0,11.0,5.0,4.0,1.0,42.0,8.4,11.0,6.0,5.0,0.5454545454545454,1331.0,121.0,21.0,1.9090909090909092,5.0,2.0,3.0,-6.0,-1.2,-1.0,1.0,-2.0,0.15454545454545454,3.0,9.09090909090909,2.0,-2.0,9.6
0022500043,2025-26,2025-11-14,MIL,CHA,147.0,134.0,13.0,281.0,1.0,12.0,7.0,5.0,0.5833333333333334,1416.0,118.0,6.0,0.5,5.0,2.0,3.0,-28.0,-5.6,11.0,4.0,7.0,0.36363636363636365,1293.0,117.54545454545455,-17.0,-1.5454545454545454,5.0,2.0,3.0,2.0,0.4,1.0,3.0,-2.0,0.21969696969696972,0.45454545454545325,2.0454545454545454,0.0,0.0,-6.0
0022500044,2025-26,2025-11-14,MIN,SAC,124.0,110.0,14.0,234.0,1.0,11.0,7.0,4.0,0.6363636363636364,1333.0,121.18181818181819,60.0,5.454545454545454,5.0,4.0,1.0,67.0,13.4,12.0,3.0,9.0,0.25,1361.0,113.41666666666667,-133.0,-11.083333333333334,5.0,1.0,4.0,-100.0,-20.0,-1.0,4.0,-5.0,0.38636363636363635,7.765151515151516,16.53787878787879,3.0,-3.0,33.4
0022500046,2025-26,2025-11-14,DAL,LAC,127.0,133.0,-6.0,260.0,0.0,12.0,3.0,9.0,0.25,1293.0,107.75,-79.0,-6.583333333333333,5.0,1.0,4.0,-21.0,-4.2,11.0,3.0,8.0,0.2727272727272727,1205.0,109.54545454545455,-65.0,-5.909090909090909,5.0,0.0,5.0,-60.0,-12.0,1.0,0.0,1.0,-0.022727272727272707,-1.7954545454545467,-0.6742424242424239,1.0,-1.0,7.8
0022500047,2025-26,2025-11-14,SAS,GSW,108.0,109.0,-1.0,217.0,0.0,11.0,8.0,3.0,0.7272727272727273,1313.0,119.36363636363636,75.0,6.818181818181818,5.0,3.0,2.0,15.0,3.0,13.0,7.0,6.0,0.5384615384615384,1502.0,115.53846153846153,6.0,0.46153846153846156,5.0,2.0,3.0,-18.0,-3.6,-2.0,1.0,-3.0,0.18881118881118886,3.8251748251748268,6.356643356643357,1.0,-1.0,6.6
0022500228,2025-26,2025-11-15,CLE,MEM,108.0,100.0,8.0,208.0,1.0,13.0,8.0,5.0,0.6153846153846154,1588.0,122.15384615384616,51.0,3.923076923076923,5.0,3.0,2.0,38.0,7.6,13.0,4.0,9.0,0.3076923076923077,1466.0,112.76923076923077,-103.0,-7.923076923076923,5.0,1.0,4.0,-64.0,-12.8,0.0,4.0,-4.0,0.3076923076923077,9.384615384615387,11.846153846153847,2.0,-2.0,20.4
0022500229,2025-26,2025-11-15,CHA,OKC,96.0,109.0,-13.0,205.0,0.0,12.0,4.0,8.0,0.3333333333333333,1427.0,118.91666666666667,-30.0,-2.5,5.0,1.0,4.0,-34.0,-6.8,13.0,12.0,1.0,0.9230769230769231,1593.0,122.53846153846153,202.0,15.538461538461538,5.0,4.0,1.0,96.0,19.2,-1.0,-8.0,7.0,-0.5897435897435899,-3.6217948717948616,-18.03846153846154,-3.0,3.0,-26.0
0022500230,2025-26,2025-11-15,IND,TOR,111.0,129.0,-18.0,240.0,0.0,12.0,1.0,11.0,0.08333333333333333,1302.0,108.5,-170.0,-14.166666666666666,5.0,0.0,5.0,-116.0,-23.2,12.0,7.0,5.0,0.5833333333333334,1438.0,119.83333333333333,45.0,3.75,5.0,4.0,1.0,53.0,10.6,0.0,-6.0,6.0,-0.5,-11.333333333333329,-17.916666666666664,-4.0,4.0,-33.8
0022500231,2025-26,2025-11-15,MIL,LAL,95.0,119.0,-24.0,214.0,0.0,13.0,8.0,5.0,0.6153846153846154,1563.0,120.23076923076923,19.0,1.4615384615384615,5.0,3.0,2.0,13.0,2.6,13.0,9.0,4.0,0.6923076923076923,1509.0,116.07692307692308,2.0,0.15384615384615385,5.0,3.0,2.0,-23.0,-4.6,0.0,-1.0,1.0,-0.07692307692307687,4.153846153846146,1.3076923076923075,0.0,0.0,7.199999999999999
0022500232,2025-26,2025-11-15,MIN,DEN,112.0,123.0,-11.0,235.0,0.0,12.0,8.0,4.0,0.6666666666666666,1457.0,121.41666666666667,74.0,6.166666666666667,5.0,4.0,1.0,65.0,13.0,11.0,9.0,2.0,0.8181818181818182,1370.0,124.54545454545455,147.0,13.363636363636363,5.0,5.0,0.0,80.0,16.0,1.0,-1.0,2.0,-0.1515151515151516,-3.1287878787878753,-7.196969696969696,-1.0,1.0,-3.0
0022500233,2025-26,2025-11-16,BOS,LAC,121.0,118.0,3.0,239.0,1.0,13.0,6.0,7.0,0.46153846153846156,1472.0,113.23076923076923,61.0,4.6923076923076925,5.0,3.0,2.0,54.0,10.8,12.0,4.0,8.0,0.3333333333333333,1338.0,111.5,-59.0,-4.916666666666667,5.0,1.0,4.0,-35.0,-7.0,1.0,2.0,-1.0,0.12820512820512825,1.7307692307692264,9.60897435897436,2.0,-2.0,17.8
0022500234,2025-26,2025-11-16,SAS,SAC,123.0,110.0,13.0,233.0,1.0,12.0,8.0,4.0,0.6666666666666666,1421.0,118.41666666666667,74.0,6.166666666666667,5.0,3.0,2.0,16.0,3.2,13.0,3.0,10.0,0.23076923076923078,1471.0,113.15384615384616,-147.0,-11.307692307692308,5.0,0.0,5.0,-119.0,-23.8,-1.0,5.0,-6.0,0.43589743589743585,5.262820512820511,17.474358974358974,3.0,-3.0,27.0
0022500235,2025-26,2025-11-16,WAS,BKN,106.0,129.0,-23.0,235.0,0.0,12.0,1.0,11.0,0.08333333333333333,1362.0,113.5,-194.0,-16.166666666666668,5.0,0.0,5.0,-93.0,-18.6,12.0,1.0,11.0,0.08333333333333333,1307.0,108.91666666666667,-172.0,-14.333333333333334,5.0,1.0,4.0,-62.0,-12.4,0.0,0.0,0.0,0.0,4.583333333333329,-1.833333333333334,-1.0,1.0,-6.200000000000001
0022500236,2025-26,2025-11-16,HOU,ORL,117.0,113.0,4.0,230.0,1.0,11.0,8.0,3.0,0.7272727272727273,1380.0,125.45454545454545,134.0,12.181818181818182,5.0,4.0,1.0,58.0,11.6,13.0,7.0,6.0,0.5384615384615384,1504.0,115.6923076923077,25.0,1.9230769230769231,5.0,4.0,1.0,36.0,7.2,-2.0,1.0,-3.0,0.18881118881118886,9.76223776223776,10.258741258741258,0.0,0.0,4.3999999999999995
0022500238,2025-26,2025-11-16,DAL,POR,138.0,133.0,5.0,271.0,1.0,13.0,3.0,10.0,0.23076923076923078,1420.0,109.23076923076923,-85.0,-6.538461538461538,5.0,1.0,4.0,-25.0,-5.0,12.0,6.0,6.0,0.5,1447.0,120.58333333333333,-3.0,-0.25,5.0,2.0,3.0,-22.0,-4.4,1.0,-3.0,4.0,-0.2692307692307692,-11.352564102564102,-6.288461538461538,-1.0,1.0,-0.5999999999999996
0022500239,2025-26,2025-11-16,PHX,ATL,122.0,124.0,-2.0,246.0,0.0,13.0,8.0,5.0,0.6153846153846154,1541.0,118.53846153846153,64.0,4.923076923076923,5.0,5.0,0.0,91.0,18.2,13.0,8.0,5.0,0.6153846153846154,1522.0,117.07692307692308,48.0,3.6923076923076925,5.0,4.0,1.0,54.0,10.8,0.0,0.0,0.0,0.0,1.4615384615384528,1.2307692307692308,1.0,-1.0,7.399999999999999
0022500240,2025-26,2025-11-16,UTA,CHI,150.0,147.0,3.0,297.0,1.0,12.0,4.0,8.0,0.3333333333333333,1396.0,116.33333333333333,-65.0,-5.416666666666667,5.0,1.0,4.0,-44.0,-8.8,11.0,6.0,5.0,0.5454545454545454,1305.0,118.63636363636364,-3.0,-0.2727272727272727,5.0,1.0,4.0,-35.0,-7.0,1.0,-2.0,3.0,-0.2121212121212121,-2.3030303030303116,-5.1439393939393945,0.0,0.0,-1.8000000000000007
0022500241,2025-26,2025-11-17,CLE,MIL,118.0,106.0,12.0,224.0,1.0,14.0,9.0,5.0,0.6428571428571429,1696.0,121.14285714285714,59.0,4.214285714285714,5.0,3.0,2.0,13.0,2.6,14.0,8.0,6.0,0.5714285714285714,1658.0,118.42857142857143,-5.0,-0.35714285714285715,5.0,2.0,3.0,-27.0,-5.4,0.0,1.0,-1.0,0.07142857142857151,2.714285714285708,4.571428571428571,1.0,-1.0,8.0
0022500242,2025-26,2025-11-17,DET,IND,127.0,112.0,15.0,239.0,1.0,13.0,11.0,2.0,0.8461538461538461,1536.0,118.15384615384616,78.0,6.0,5.0,5.0,0.0,43.0,8.6,13.0,1.0,12.0,0.07692307692307693,1413.0,108.6923076923077,-188.0,-14.461538461538462,5.0,0.0,5.0,-125.0,-25.0,0.0,10.0,-10.0,0.7692307692307692,9.461538461538467,20.46153846153846,5.0,-5.0,33.6
0022500243,2025-26,2025-11-17,PHI,LAC,110.0,108.0,2.0,218.0,1.0,12.0,7.0,5.0,0.5833333333333334,1431.0,119.25,32.0,2.6666666666666665,5.0,2.0,3.0,-11.0,-2.2,13.0,4.0,9.0,0.3076923076923077,1456.0,112.0,-62.0,-4.769230769230769,5.0,1.0,4.0,-25.0,-5.0,-1.0,3.0,-4.0,0.27564102564102566,7.25,7.435897435897436,1.0,-1.0,2.8
0022500244,2025-26,2025-11-17,MIA,NYK,115.0,113.0,2.0,228.0,1.0,13.0,7.0,6.0,0.5384615384615384,1629.0,125.3076923076923,41.0,3.1538461538461537,5.0,3.0,2.0,3.0,0.6,12.0,8.0,4.0,0.6666666666666666,1465.0,122.08333333333333,82.0,6.833333333333333,5.0,4.0,1.0,63.0,12.6,1.0,-1.0,2.0,-0.1282051282051282,3.224358974358978,-3.6794871794871793,-1.0,1.0,-12.0
0022500245,2025-26,2025-11-17,TOR,CHA,110.0,108.0,2.0,218.0,1.0,13.0,8.0,5.0,0.6153846153846154,1567.0,120.53846153846153,63.0,4.846153846153846,5.0,4.0,1.0,43.0,8.6,13.0,4.0,9.0,0.3076923076923077,1523.0,117.15384615384616,-43.0,-3.3076923076923075,5.0,1.0,4.0,-43.0,-8.6,0.0,4.0,-4.0,0.3076923076923077,3.3846153846153726,8.153846153846153,3.0,-3.0,17.2
0022500246,2025-26,2025-11-17,MIN,DAL,120.0,96.0,24.0,216.0,1.0,13.0,8.0,5.0,0.6153846153846154,1569.0,120.6923076923077,63.0,4.846153846153846,5.0,4.0,1.0,77.0,15.4,14.0,4.0,10.0,0.2857142857142857,1558.0,111.28571428571429,-80.0,-5.714285714285714,5.0,2.0,3.0,-6.0,-1.2,-1.0,4.0,-5.0,0.3296703296703297,9.406593406593402,10.56043956043956,2.0,-2.0,16.6
0022500248,2025-26,2025-11-17,DEN,CHI,127.0,130.0,-3.0,257.0,0.0,12.0,10.0,2.0,0.8333333333333334,1493.0,124.41666666666667,158.0,13.166666666666666,5.0,5.0,0.0,81.0,16.2,12.0,6.0,6.0,0.5,1452.0,121.0,-6.0,-0.5,5.0,0.0,5.0,-40.0,-8.0,0.0,4.0,-4.0,0.33333333333333337,3.4166666666666714,13.666666666666666,5.0,-5.0,24.2
0022500249,2025-26,2025-11-18,ORL,GSW,121.0,113.0,8.0,234.0,1.0,14.0,7.0,7.0,0.5,1617.0,115.5,21.0,1.5,5.0,3.0,2.0,19.0,3.8,15.0,9.0,6.0,0.6,1735.0,115.66666666666667,25.0,1.6666666666666667,5.0,4.0,1.0,31.0,6.2,-1.0,-2.0,1.0,-0.09999999999999998,-0.1666666666666714,-0.16666666666666674,-1.0,1.0,-2.4000000000000004
0022500250,2025-26,2025-11-18,BKN,BOS,99.0,113.0,-14.0,212.0,0.0,13.0,2.0,11.0,0.15384615384615385,1436.0,110.46153846153847,-149.0,-11.461538461538462,5.0,1.0,4.0,-48.0,-9.6,14.0,7.0,7.0,0.5,1593.0,113.78571428571429,64.0,4.571428571428571,5.0,3.0,2.0,28.0,5.6,-1.0,-5.0,4.0,-0.34615384615384615,-3.324175824175825,-16.032967032967033,-2.0,2.0,-15.2
0022500251,2025-26,2025-11-18,ATL,DET,112.0,120.0,-8.0,232.0,0.0,14.0,9.0,5.0,0.6428571428571429,1646.0,117.57142857142857,50.0,3.5714285714285716,5.0,5.0,0.0,68.0,13.6,14.0,12.0,2.0,0.8571428571428571,1663.0,118.78571428571429,93.0,6.642857142857143,5.0,5.0,0.0,40.0,8.0,0.0,-3.0,3.0,-0.2142857142857142,-1.2142857142857224,-3.0714285714285716,0.0,0.0,5.6
0022500252,2025-26,2025-11-18,SAS,MEM,111.0,101.0,10.0,212.0,1.0,13.0,9.0,4.0,0.6923076923076923,1544.0,118.76923076923077,87.0,6.6923076923076925,5.0,3.0,2.0,18.0,3.6,14.0,4.0,10.0,0.2857142857142857,1566.0,111.85714285714286,-111.0,-7.928571428571429,5.0,1.0,4.0,-57.0,-11.4,-1.0,5.0,-6.0,0.4065934065934066,6.912087912087912,14.62087912087912,2.0,-2.0,15.0
0022500253,2025-26,2025-11-18,LAL,UTA,140.0,126.0,14.0,266.0,1.0,14.0,10.0,4.0,0.7142857142857143,1628.0,116.28571428571429,26.0,1.8571428571428572,5.0,3.0,2.0,-1.0,-0.2,13.0,5.0,8.0,0.38461538461538464,1546.0,118.92307692307692,-62.0,-4.769230769230769,5.0,2.0,3.0,-30.0,-6.0,1.0,5.0,-4.0,0.32967032967032966,-2.637362637362628,6.626373626373626,1.0,-1.0,5.8
0022500254,2025-26,2025-11-18,POR,PHX,110.0,127.0,-17.0,237.0,0.0,13.0,6.0,7.0,0.46153846153846156,1580.0,121.53846153846153,-8.0,-0.6153846153846154,5.0,1.0,4.0,-29.0,-5.8,14.0,8.0,6.0,0.5714285714285714,1663.0,118.78571428571429,62.0,4.428571428571429,5.0,4.0,1.0,76.0,15.2,-1.0,-2.0,1.0,-0.10989010989010983,2.752747252747241,-5.043956043956044,-3.0,3.0,-21.0
0022500255,2025-26,2025-11-19,CLE,HOU,104.0,114.0,-10.0,218.0,0.0,15.0,10.0,5.0,0.6666666666666666,1814.0,120.93333333333334,71.0,4.733333333333333,5.0,3.0,2.0,19.0,3.8,12.0,9.0,3.0,0.75,1497.0,124.75,138.0,11.5,5.0,4.0,1.0,47.0,9.4,3.0,1.0,2.0,-0.08333333333333337,-3.816666666666663,-6.766666666666667,-1.0,1.0,-5.6000000000000005
0022500256,2025-26,2025-11-19,IND,CHA,127.0,118.0,9.0,245.0,1.0,14.0,1.0,13.0,0.07142857142857142,1525.0,108.92857142857143,-203.0,-14.5,5.0,0.0,5.0,-123.0,-24.6,14.0,4.0,10.0,0.2857142857142857,1631.0,116.5,-45.0,-3.2142857142857144,5.0,1.0,4.0,-27.0,-5.4,0.0,-3.0,3.0,-0.21428571428571427,-7.571428571428569,-11.285714285714285,-1.0,1.0,-19.200000000000003
0022500257,2025-26,2025-11-19,MIA,GSW,110.0,96.0,14.0,206.0,1.0,14.0,8.0,6.0,0.5714285714285714,1744.0,124.57142857142857,43.0,3.0714285714285716,5.0,3.0,2.0,-13.0,-2.6,16.0,9.0,7.0,0.5625,1848.0,115.5,17.0,1.0625,5.0,3.0,2.0,-8.0,-1.6,-2.0,-1.0,-1.0,0.008928571428571397,9.07142857142857,2.0089285714285716,0.0,0.0,-1.0
0022500258,2025-26,2025-11-19,PHI,TOR,112.0,121.0,-9.0,233.0,0.0,13.0,8.0,5.0,0.6153846153846154,1541.0,118.53846153846153,34.0,2.6153846153846154,5.0,3.0,2.0,2.0,0.4,14.0,9.0,5.0,0.6428571428571429,1677.0,119.78571428571429,65.0,4.642857142857143,5.0,4.0,1.0,33.0,6.6,-1.0,-1.0,0.0,-0.027472527472527486,-1.2472527472527588,-2.027472527472528,-1.0,1.0,-6.199999999999999
0022500259,2025-26,2025-11-19,MIN,WAS,120.0,109.0,11.0,229.0,1.0,14.0,9.0,5.0,0.6428571428571429,1689.0,120.64285714285714,87.0,6.214285714285714,5.0,4.0,1.0,61.0,12.2,13.0,1.0,12.0,0.07692307692307693,1468.0,112.92307692307692,-217.0,-16.692307692307693,5.0,0.0,5.0,-87.0,-17.4,1.0,8.0,-7.0,0.5659340659340659,7.719780219780219,22.90659340659341,4.0,-4.0,29.599999999999998
0022500261,2025-26,2025-11-19,OKC,SAC,113.0,99.0,14.0,212.0,1.0,15.0,14.0,1.0,0.9333333333333333,1828.0,121.86666666666666,232.0,15.466666666666667,5.0,5.0,0.0,97.0,19.4,14.0,3.0,11.0,0.21428571428571427,1581.0,112.92857142857143,-160.0,-11.428571428571429,5.0,0.0,5.0,-101.0,-20.2,1.0,11.0,-10.0,0.719047619047619,8.93809523809523,26.895238095238096,5.0,-5.0,39.599999999999994
0022500262,2025-26,2025-11-19,DAL,NYK,111.0,113.0,-2.0,224.0,0.0,15.0,4.0,11.0,0.26666666666666666,1654.0,110.26666666666667,-104.0,-6.933333333333334,5.0,1.0,4.0,-36.0,-7.2,13.0,8.0,5.0,0.6153846153846154,1578.0,121.38461538461539,80.0,6.153846153846154,5.0,3.0,2.0,38.0,7.6,2.0,-4.0,6.0,-0.34871794871794876,-11.117948717948721,-13.087179487179487,-2.0,2.0,-14.8
0022500263,2025-26,2025-11-19,POR,CHI,121.0,122.0,-1.0,243.0,0.0,14.0,6.0,8.0,0.42857142857142855,1690.0,120.71428571428571,-25.0,-1.7857142857142858,5.0,1.0,4.0,-41.0,-8.2,13.0,7.0,6.0,0.5384615384615384,1582.0,121.6923076923077,-3.0,-0.23076923076923078,5.0,1.0,4.0,-21.0,-4.2,1.0,-1.0,2.0,-0.10989010989010989,-0.9780219780219852,-1.554945054945055,0.0,0.0,-3.999999999999999
0022500264,2025-26,2025-11-20,ORL,LAC,129.0,101.0,28.0,230.0,1.0,15.0,8.0,7.0,0.5333333333333333,1738.0,115.86666666666666,29.0,1.9333333333333333,5.0,4.0,1.0,31.0,6.2,14.0,4.0,10.0,0.2857142857142857,1564.0,111.71428571428571,-64.0,-4.571428571428571,5.0,1.0,4.0,-16.0,-3.2,1.0,4.0,-3.0,0.24761904761904763,4.152380952380952,6.504761904761905,3.0,-3.0,9.4
0022500265,2025-26,2025-11-20,MEM,SAC,137.0,96.0,41.0,233.0,1.0,15.0,4.0,11.0,0.26666666666666666,1667.0,111.13333333333334,-121.0,-8.066666666666666,5.0,0.0,5.0,-81.0,-16.2,15.0,3.0,12.0,0.2,1680.0,112.0,-174.0,-11.6,5.0,0.0,5.0,-88.0,-17.6,0.0,1.0,-1.0,0.06666666666666665,-0.86666666666666,3.533333333333333,0.0,0.0,1.4000000000000021
0022500266,2025-26,2025-11-20,MIL,PHI,114.0,123.0,-9.0,237.0,0.0,15.0,8.0,7.0,0.5333333333333333,1764.0,117.6,-17.0,-1.1333333333333333,5.0,2.0,3.0,-32.0,-6.4,14.0,8.0,6.0,0.5714285714285714,1653.0,118.07142857142857,25.0,1.7857142857142858,5.0,2.0,3.0,-17.0,-3.4,1.0,0.0,1.0,-0.03809523809523807,-0.4714285714285751,-2.9190476190476193,0.0,0.0,-3.0000000000000004
0022500267,2025-26,2025-11-20,SAS,ATL,135.0,126.0,9.0,261.0,1.0,14.0,10.0,4.0,0.7142857142857143,1655.0,118.21428571428571,97.0,6.928571428571429,5.0,3.0,2.0,21.0,4.2,15.0,9.0,6.0,0.6,1758.0,117.2,42.0,2.8,5.0,4.0,1.0,40.0,8.0,-1.0,1.0,-2.0,0.11428571428571432,1.0142857142857054,4.128571428571429,-1.0,1.0,-3.8
0022500048,2025-26,2025-11-21,CLE,IND,120.0,109.0,11.0,229.0,1.0,16.0,10.0,6.0,0.625,1918.0,119.875,61.0,3.8125,5.0,3.0,2.0,11.0,2.2,15.0,2.0,13.0,0.13333333333333333,1652.0,110.13333333333334,-194.0,-12.933333333333334,5.0,1.0,4.0,-83.0,-16.6,1.0,8.0,-7.0,0.4916666666666667,9.74166666666666,16.745833333333334,2.0,-2.0,18.8
0022500049,2025-26,2025-11-21,BOS,BKN,105.0,113.0,-8.0,218.0,0.0,15.0,8.0,7.0,0.5333333333333333,1706.0,113.73333333333333,78.0,5.2,5.0,4.0,1.0,55.0,11.0,14.0,2.0,12.0,0.14285714285714285,1535.0,109.64285714285714,-163.0,-11.642857142857142,5.0,1.0,4.0,-44.0,-8.8,1.0,6.0,-5.0,0.3904761904761905,4.0904761904761955,16.84285714285714,3.0,-3.0,19.8
0022500050,2025-26,2025-11-21,TOR,WAS,140.0,110.0,30.0,250.0,1.0,15.0,10.0,5.0,0.6666666666666666,1798.0,119.86666666666666,74.0,4.933333333333334,5.0,5.0,0.0,52.0,10.4,14.0,1.0,13.0,0.07142857142857142,1577.0,112.64285714285714,-228.0,-16.285714285714285,5.0,0.0,5.0,-65.0,-13.0,1.0,9.0,-8.0,0.5952380952380952,7.223809523809521,21.21904761904762,5.0,-5.0,23.4
0022500051,2025-26,2025-11-21,CHI,MIA,107.0,143.0,-36.0,250.0,0.0,14.0,8.0,6.0,0.5714285714285714,1704.0,121.71428571428571,-2.0,-0.14285714285714285,5.0,2.0,3.0,-14.0,-2.8,15.0,9.0,6.0,0.6,1854.0,123.6,57.0,3.8,5.0,3.0,2.0,-4.0,-0.8,-1.0,-1.0,0.0,-0.02857142857142858,-1.8857142857142861,-3.9428571428571426,-1.0,1.0,-1.9999999999999998
0022500053,2025-26,2025-11-21,PHX,MIN,114.0,113.0,1.0,227.0,1.0,15.0,9.0,6.0,0.6,1790.0,119.33333333333333,79.0,5.266666666666667,5.0,4.0,1.0,82.0,16.4,15.0,10.0,5.0,0.6666666666666666,1809.0,120.6,98.0,6.533333333333333,5.0,4.0,1.0,45.0,9.0,0.0,-1.0,1.0,-0.06666666666666665,-1.2666666666666657,-1.2666666666666666,0.0,0.0,7.399999999999999
0022500054,2025-26,2025-11-21,HOU,DEN,109.0,112.0,-3.0,221.0,0.0,13.0,10.0,3.0,0.7692307692307693,1611.0,123.92307692307692,148.0,11.384615384615385,5.0,5.0,0.0,68.0,13.6,14.0,11.0,3.0,0.7857142857142857,1745.0,124.64285714285714,162.0,11.571428571428571,5.0,4.0,1.0,43.0,8.6,-1.0,-1.0,0.0,-0.016483516483516425,-0.719780219780219,-0.18681318681318615,1.0,-1.0,5.0
0022500055,2025-26,2025-11-21,UTA,OKC,112.0,144.0,-32.0,256.0,0.0,14.0,5.0,9.0,0.35714285714285715,1672.0,119.42857142857143,-76.0,-5.428571428571429,5.0,2.0,3.0,-4.0,-0.8,16.0,15.0,1.0,0.9375,1941.0,121.3125,246.0,15.375,5.0,5.0,0.0,97.0,19.4,-2.0,-10.0,8.0,-0.5803571428571428,-1.8839285714285694,-20.80357142857143,-3.0,3.0,-20.2
0022500056,2025-26,2025-11-21,GSW,POR,123.0,127.0,-4.0,250.0,0.0,17.0,9.0,8.0,0.5294117647058824,1944.0,114.3529411764706,3.0,0.17647058823529413,5.0,3.0,2.0,2.0,0.4,15.0,6.0,9.0,0.4,1811.0,120.73333333333333,-26.0,-1.7333333333333334,5.0,1.0,4.0,-39.0,-7.8,2.0,3.0,-1.0,0.12941176470588234,-6.38039215686274,1.9098039215686275,2.0,-2.0,8.2
0022500268,2025-26,2025-11-22,CHA,LAC,116.0,131.0,-15.0,247.0,0.0,15.0,4.0,11.0,0.26666666666666666,1749.0,116.6,-54.0,-3.6,5.0,1.0,4.0,-26.0,-5.2,15.0,4.0,11.0,0.26666666666666666,1665.0,111.0,-92.0,-6.133333333333334,5.0,1.0,4.0,-41.0,-8.2,0.0,0.0,0.0,0.0,5.599999999999994,2.5333333333333337,0.0,0.0,2.999999999999999
0022500269,2025-26,2025-11-22,ORL,NYK,133.0,121.0,12.0,254.0,1.0,16.0,9.0,7.0,0.5625,1867.0,116.6875,57.0,3.5625,5.0,4.0,1.0,56.0,11.2,14.0,9.0,5.0,0.6428571428571429,1691.0,120.78571428571429,82.0,5.857142857142857,5.0,3.0,2.0,4.0,0.8,2.0,0.0,2.0,-0.0803571428571429,-4.098214285714292,-2.2946428571428568,1.0,-1.0,10.399999999999999
0022500271,2025-26,2025-11-22,CHI,WAS,121.0,120.0,1.0,241.0,1.0,15.0,8.0,7.0,0.5333333333333333,1811.0,120.73333333333333,-38.0,-2.533333333333333,5.0,2.0,3.0,-46.0,-9.2,15.0,1.0,14.0,0.06666666666666667,1687.0,112.46666666666667,-258.0,-17.2,5.0,0.0,5.0,-89.0,-17.8,0.0,7.0,-7.0,0.4666666666666667,8.266666666666666,14.666666666666666,2.0,-2.0,8.600000000000001
0022500272,2025-26,2025-11-22,MIL,DET,116.0,129.0,-13.0,245.0,0.0,16.0,8.0,8.0,0.5,1878.0,117.375,-26.0,-1.625,5.0,1.0,4.0,-43.0,-8.6,15.0,13.0,2.0,0.8666666666666667,1783.0,118.86666666666666,101.0,6.733333333333333,5.0,5.0,0.0,45.0,9.0,1.0,-5.0,6.0,-0.3666666666666667,-1.49166666666666,-8.358333333333334,-4.0,4.0,-17.6
0022500273,2025-26,2025-11-22,DAL,MEM,96.0,102.0,-6.0,198.0,0.0,17.0,5.0,12.0,0.29411764705882354,1883.0,110.76470588235294,-103.0,-6.0588235294117645,5.0,2.0,3.0,-24.0,-4.8,16.0,5.0,11.0,0.3125,1804.0,112.75,-80.0,-5.0,5.0,1.0,4.0,-26.0,-5.2,1.0,0.0,1.0,-0.01838235294117646,-1.985294117647058,-1.0588235294117645,1.0,-1.0,0.40000000000000036
0022500274,2025-26,2025-11-22,DEN,SAC,123.0,128.0,-5.0,251.0,0.0,15.0,12.0,3.0,0.8,1857.0,123.8,165.0,11.0,5.0,4.0,1.0,32.0,6.4,16.0,3.0,13.0,0.1875,1776.0,111.0,-215.0,-13.4375,5.0,0.0,5.0,-115.0,-23.0,-1.0,9.0,-10.0,0.6125,12.799999999999997,24.4375,4.0,-4.0,29.4
0022500275,2025-26,2025-11-23,PHI,MIA,117.0,127.0,-10.0,244.0,0.0,15.0,9.0,6.0,0.6,1776.0,118.4,34.0,2.2666666666666666,5.0,3.0,2.0,-5.0,-1.0,16.0,10.0,6.0,0.625,1997.0,124.8125,93.0,5.8125,5.0,3.0,2.0,30.0,6.0,-1.0,-1.0,0.0,-0.025000000000000022,-6.412499999999994,-3.5458333333333334,0.0,0.0,-7.0
0022500276,2025-26,2025-11-23,ATL,CHA,113.0,110.0,3.0,223.0,1.0,17.0,10.0,7.0,0.5882352941176471,1999.0,117.58823529411765,50.0,2.9411764705882355,5.0,3.0,2.0,12.0,2.4,16.0,4.0,12.0,0.25,1865.0,116.5625,-69.0,-4.3125,5.0,0.0,5.0,-52.0,-10.4,1.0,6.0,-5.0,0.3382352941176471,1.025735294117652,7.2536764705882355,3.0,-3.0,12.8
0022500277,2025-26,2025-11-23,BOS,ORL,138.0,129.0,9.0,267.0,1.0,16.0,8.0,8.0,0.5,1811.0,113.1875,70.0,4.375,5.0,3.0,2.0,43.0,8.6,17.0,10.0,7.0,0.5882352941176471,2000.0,117.6470588235294,69.0,4.0588235294117645,5.0,4.0,1.0,51.0,10.2,-1.0,-2.0,1.0,-0.08823529411764708,-4.459558823529406,0.3161764705882355,-1.0,1.0,-1.5999999999999996
0022500278,2025-26,2025-11-23,CLE,LAC,120.0,105.0,15.0,225.0,1.0,17.0,11.0,6.0,0.6470588235294118,2038.0,119.88235294117646,72.0,4.235294117647059,5.0,3.0,2.0,8.0,1.6,16.0,5.0,11.0,0.3125,1796.0,112.25,-77.0,-4.8125,5.0,2.0,3.0,-12.0,-2.4,1.0,6.0,-5.0,0.3345588235294118,7.632352941176464,9.047794117647058,1.0,-1.0,4.0
0022500279,2025-26,2025-11-23,TOR,BKN,119.0,109.0,10.0,228.0,1.0,16.0,11.0,5.0,0.6875,1938.0,121.125,104.0,6.5,5.0,5.0,0.0,72.0,14.4,15.0,3.0,12.0,0.2,1648.0,109.86666666666666,-155.0,-10.333333333333334,5.0,2.0,3.0,0.0,0.0,1.0,8.0,-7.0,0.4875,11.25833333333334,16.833333333333336,3.0,-3.0,14.4
0022500280,2025-26,2025-11-23,OKC,POR,122.0,95.0,27.0,217.0,1.0,17.0,16.0,1.0,0.9411764705882353,2085.0,122.6470588235294,278.0,16.352941176470587,5.0,5.0,0.0,105.0,21.0,16.0,7.0,9.0,0.4375,1938.0,121.125,-22.0,-1.375,5.0,1.0,4.0,-43.0,-8.6,1.0,9.0,-8.0,0.5036764705882353,1.522058823529406,17.727941176470587,4.0,-4.0,29.6
0022500281,2025-26,2025-11-23,PHX,SAS,111.0,102.0,9.0,213.0,1.0,16.0,10.0,6.0,0.625,1904.0,119.0,80.0,5.0,5.0,4.0,1.0,60.0,12.0,15.0,11.0,4.0,0.7333333333333333,1790.0,119.33333333333333,106.0,7.066666666666666,5.0,3.0,2.0,26.0,5.2,1.0,-1.0,2.0,-0.10833333333333328,-0.3333333333333286,-2.0666666666666664,1.0,-1.0,6.8
0022500282,2025-26,2025-11-23,UTA,LAL,106.0,108.0,-2.0,214.0,0.0,15.0,5.0,10.0,0.3333333333333333,1784.0,118.93333333333334,-108.0,-7.2,5.0,2.0,3.0,-29.0,-5.8,15.0,11.0,4.0,0.7333333333333333,1768.0,117.86666666666666,40.0,2.6666666666666665,5.0,4.0,1.0,33.0,6.6,0.0,-6.0,6.0,-0.39999999999999997,1.066666666666677,-9.866666666666667,-2.0,2.0,-12.399999999999999
0022500283,2025-26,2025-11-24,IND,DET,117.0,122.0,-5.0,239.0,0.0,16.0,2.0,14.0,0.125,1761.0,110.0625,-205.0,-12.8125,5.0,1.0,4.0,-70.0,-14.0,16.0,14.0,2.0,0.875,1912.0,119.5,114.0,7.125,5.0,5.0,0.0,56.0,11.2,0.0,-12.0,12.0,-0.75,-9.4375,-19.9375,-4.0,4.0,-25.2
0022500284,2025-26,2025-11-24,TOR,CLE,110.0,99.0,11.0,209.0,1.0,17.0,12.0,5.0,0.7058823529411765,2057.0,121.0,114.0,6.705882352941177,5.0,5.0,0.0,69.0,13.8,18.0,12.0,6.0,0.6666666666666666,2158.0,119.88888888888889,87.0,4.833333333333333,5.0,4.0,1.0,36.0,7.2,-1.0,0.0,-1.0,0.03921568627450989,1.1111111111111143,1.8725490196078436,1.0,-1.0,6.6000000000000005
0022500285,2025-26,2025-11-24,BKN,NYK,100.0,113.0,-13.0,213.0,0.0,16.0,3.0,13.0,0.1875,1757.0,109.8125,-165.0,-10.3125,5.0,2.0,3.0,0.0,0.0,15.0,9.0,6.0,0.6,1812.0,120.8,70.0,4.666666666666667,5.0,2.0,3.0,-21.0,-4.2,1.0,-6.0,7.0,-0.4125,-10.987499999999997,-14.979166666666668,0.0,0.0,4.2
0022500286,2025-26,2025-11-24,MIA,DAL,106.0,102.0,4.0,208.0,1.0,17.0,11.0,6.0,0.6470588235294118,2124.0,124.94117647058823,103.0,6.0588235294117645,5.0,4.0,1.0,54.0,10.8,18.0,5.0,13.0,0.2777777777777778,1979.0,109.94444444444444,-109.0,-6.055555555555555,5.0,2.0,3.0,-24.0,-4.8,-1.0,6.0,-7.0,0.369281045751634,14.996732026143789,12.11437908496732,2.0,-2.0,15.600000000000001
0022500287,2025-26,2025-11-24,MEM,DEN,115.0,125.0,-10.0,240.0,0.0,17.0,6.0,11.0,0.35294117647058826,1906.0,112.11764705882354,-74.0,-4.352941176470588,5.0,2.0,3.0,-7.0,-1.4,16.0,12.0,4.0,0.75,1980.0,123.75,160.0,10.0,5.0,3.0,2.0,13.0,2.6,1.0,-6.0,7.0,-0.39705882352941174,-11.632352941176464,-14.352941176470587,-1.0,1.0,-4.0
0022500288,2025-26,2025-11-24,MIL,POR,103.0,115.0,-12.0,218.0,0.0,17.0,8.0,9.0,0.47058823529411764,1994.0,117.29411764705883,-39.0,-2.2941176470588234,5.0,1.0,4.0,-45.0,-9.0,17.0,7.0,10.0,0.4117647058823529,2033.0,119.58823529411765,-49.0,-2.8823529411764706,5.0,1.0,4.0,-46.0,-9.2,0.0,1.0,-1.0,0.05882352941176472,-2.294117647058826,0.5882352941176472,0.0,0.0,0.1999999999999993
0022500290,2025-26,2025-11-24,PHX,HOU,92.0,114.0,-22.0,206.0,0.0,17.0,11.0,6.0,0.6470588235294118,2015.0,118.52941176470588,89.0,5.235294117647059,5.0,4.0,1.0,60.0,12.0,14.0,10.0,4.0,0.7142857142857143,1720.0,122.85714285714286,145.0,10.357142857142858,5.0,4.0,1.0,58.0,11.6,3.0,1.0,2.0,-0.0672268907563025,-4.327731092436977,-5.121848739495799,0.0,0.0,0.40000000000000036
0022500291,2025-26,2025-11-24,GSW,UTA,134.0,117.0,17.0,251.0,1.0,18.0,9.0,9.0,0.5,2067.0,114.83333333333333,-1.0,-0.05555555555555555,5.0,2.0,3.0,-7.0,-1.4,16.0,5.0,11.0,0.3125,1890.0,118.125,-110.0,-6.875,5.0,1.0,4.0,-55.0,-11.0,2.0,4.0,-2.0,0.1875,-3.2916666666666714,6.819444444444445,1.0,-1.0,9.6
0022500292,2025-26,2025-11-24,SAC,MIN,117.0,112.0,5.0,229.0,1.0,17.0,4.0,13.0,0.23529411764705882,1904.0,112.0,-210.0,-12.352941176470589,5.0,1.0,4.0,-77.0,-15.4,16.0,10.0,6.0,0.625,1922.0,120.125,97.0,6.0625,5.0,3.0,2.0,37.0,7.4,1.0,-6.0,7.0,-0.3897058823529412,-8.125,-18.415441176470587,-2.0,2.0,-22.8
0022500057,2025-26,2025-11-25,WAS,ATL,132.0,113.0,19.0,245.0,1.0,16.0,1.0,15.0,0.0625,1807.0,112.9375,-259.0,-16.1875,5.0,0.0,5.0,-88.0,-17.6,18.0,11.0,7.0,0.6111111111111112,2112.0,117.33333333333333,53.0,2.9444444444444446,5.0,3.0,2.0,5.0,1.0,-2.0,-10.0,8.0,-0.5486111111111112,-4.395833333333329,-19.131944444444443,-3.0,3.0,-18.6
0022500058,2025-26,2025-11-25,PHI,ORL,103.0,144.0,-41.0,247.0,0.0,16.0,9.0,7.0,0.5625,1893.0,118.3125,24.0,1.5,5.0,2.0,3.0,-17.0,-3.4,18.0,10.0,8.0,0.5555555555555556,2129.0,118.27777777777777,60.0,3.3333333333333335,5.0,3.0,2.0,35.0,7.0,-2.0,-1.0,-1.0,0.00694444444444442,0.03472222222222854,-1.8333333333333335,-1.0,1.0,-10.4
0022500059,2025-26,2025-11-25,LAL,LAC,135.0,118.0,17.0,253.0,1.0,16.0,12.0,4.0,0.75,1876.0,117.25,42.0,2.625,5.0,4.0,1.0,25.0,5.0,17.0,5.0,12.0,0.29411764705882354,1901.0,111.82352941176471,-92.0,-5.411764705882353,5.0,1.0,4.0,-33.0,-6.6,-1.0,7.0,-8.0,0.45588235294117646,5.42647058823529,8.036764705882353,3.0,-3.0,11.6
0022500060,2025-26,2025-11-26,BOS,DET,117.0,114.0,3.0,231.0,1.0,17.0,9.0,8.0,0.5294117647058824,1949.0,114.6470588235294,79.0,4.647058823529412,5.0,4.0,1.0,54.0,10.8,17.0,15.0,2.0,0.8823529411764706,2034.0,119.6470588235294,119.0,7.0,5.0,5.0,0.0,50.0,10.0,0.0,-6.0,6.0,-0.3529411764705882,-5.0,-2.352941176470588,-1.0,1.0,0.8000000000000007
0022500061,2025-26,2025-11-26,CHA,NYK,101.0,129.0,-28.0,230.0,0.0,17.0,4.0,13.0,0.23529411764705882,1975.0,116.17647058823529,-72.0,-4.235294117647059,5.0,0.0,5.0,-42.0,-8.4,16.0,10.0,6.0,0.625,1925.0,120.3125,83.0,5.1875,5.0,3.0,2.0,9.0,1.8,1.0,-6.0,7.0,-0.3897058823529412,-4.13602941176471,-9.422794117647058,-3.0,3.0,-10.200000000000001
0022500062,2025-26,2025-11-26,MIA,MIL,106.0,103.0,3.0,209.0,1.0,18.0,12.0,6.0,0.6666666666666666,2230.0,123.88888888888889,107.0,5.944444444444445,5.0,5.0,0.0,66.0,13.2,18.0,8.0,10.0,0.4444444444444444,2097.0,116.5,-51.0,-2.8333333333333335,5.0,0.0,5.0,-70.0,-14.0,0.0,4.0,-4.0,0.2222222222222222,7.388888888888886,8.777777777777779,5.0,-5.0,27.2
0022500063,2025-26,2025-11-26,TOR,IND,97.0,95.0,2.0,192.0,1.0,18.0,13.0,5.0,0.7222222222222222,2167.0,120.38888888888889,125.0,6.944444444444445,5.0,5.0,0.0,62.0,12.4,17.0,2.0,15.0,0.11764705882352941,1878.0,110.47058823529412,-210.0,-12.352941176470589,5.0,1.0,4.0,-40.0,-8.0,1.0,11.0,-10.0,0.6045751633986928,9.91830065359477,19.297385620915033,4.0,-4.0,20.4
0022500064,2025-26,2025-11-26,OKC,MIN,113.0,105.0,8.0,218.0,1.0,18.0,17.0,1.0,0.9444444444444444,2207.0,122.61111111111111,305.0,16.944444444444443,5.0,5.0,0.0,103.0,20.6,17.0,10.0,7.0,0.5882352941176471,2034.0,119.6470588235294,92.0,5.411764705882353,5.0,2.0,3.0,18.0,3.6,1.0,7.0,-6.0,0.35620915032679734,2.9640522875817084,11.53267973856209,3.0,-3.0,17.0
0022500066,2025-26,2025-11-26,GSW,HOU,100.0,104.0,-4.0,204.0,0.0,19.0,10.0,9.0,0.5263157894736842,2201.0,115.84210526315789,16.0,0.8421052631578947,5.0,2.0,3.0,9.0,1.8,15.0,11.0,4.0,0.7333333333333333,1834.0,122.26666666666667,167.0,11.133333333333333,5.0,4.0,1.0,57.0,11.4,4.0,-1.0,5.0,-0.2070175438596491,-6.4245614035087755,-10.291228070175439,-2.0,2.0,-9.6
0022500067,2025-26,2025-11-26,POR,SAS,102.0,115.0,-13.0,217.0,0.0,18.0,8.0,10.0,0.4444444444444444,2148.0,119.33333333333333,-37.0,-2.0555555555555554,5.0,2.0,3.0,-29.0,-5.8,16.0,11.0,5.0,0.6875,1892.0,118.25,97.0,6.0625,5.0,3.0,2.0,22.0,4.4,2.0,-3.0,5.0,-0.24305555555555558,1.0833333333333286,-8.118055555555555,-1.0,1.0,-10.2
0022500068,2025-26,2025-11-26,SAC,PHX,100.0,112.0,-12.0,212.0,0.0,18.0,5.0,13.0,0.2777777777777778,2021.0,112.27777777777777,-205.0,-11.38888888888889,5.0,2.0,3.0,-58.0,-11.6,18.0,11.0,7.0,0.6111111111111112,2107.0,117.05555555555556,67.0,3.7222222222222223,5.0,3.0,2.0,3.0,0.6,0.0,-6.0,6.0,-0.33333333333333337,-4.777777777777786,-15.11111111111111,-1.0,1.0,-12.2
0022500069,2025-26,2025-11-28,ATL,CLE,130.0,123.0,7.0,253.0,1.0,19.0,11.0,8.0,0.5789473684210527,2225.0,117.10526315789474,34.0,1.7894736842105263,5.0,2.0,3.0,-16.0,-3.2,19.0,12.0,7.0,0.631578947368421,2257.0,118.78947368421052,76.0,4.0,5.0,3.0,2.0,17.0,3.4,0.0,-1.0,1.0,-0.05263157894736836,-1.6842105263157805,-2.2105263157894735,-1.0,1.0,-6.6
0022500070,2025-26,2025-11-28,BKN,PHI,103.0,115.0,-12.0,218.0,0.0,17.0,3.0,14.0,0.17647058823529413,1857.0,109.23529411764706,-178.0,-10.470588235294118,5.0,2.0,3.0,-6.0,-1.2,17.0,9.0,8.0,0.5294117647058824,1996.0,117.41176470588235,-17.0,-1.0,5.0,2.0,3.0,-49.0,-9.8,0.0,-6.0,6.0,-0.3529411764705882,-8.17647058823529,-9.470588235294118,0.0,0.0,8.600000000000001
0022500071,2025-26,2025-11-28,CHA,CHI,123.0,116.0,7.0,239.0,1.0,18.0,4.0,14.0,0.2222222222222222,2076.0,115.33333333333333,-100.0,-5.555555555555555,5.0,0.0,5.0,-57.0,-11.4,17.0,9.0,8.0,0.5294117647058824,2062.0,121.29411764705883,-50.0,-2.9411764705882355,5.0,3.0,2.0,-44.0,-8.8,1.0,-5.0,6.0,-0.30718954248366015,-5.960784313725497,-2.61437908496732,-3.0,3.0,-2.5999999999999996
0022500072,2025-26,2025-11-28,DET,ORL,109.0,112.0,-3.0,221.0,0.0,18.0,15.0,3.0,0.8333333333333334,2148.0,119.33333333333333,116.0,6.444444444444445,5.0,4.0,1.0,38.0,7.6,19.0,11.0,8.0,0.5789473684210527,2273.0,119.63157894736842,101.0,5.315789473684211,5.0,4.0,1.0,80.0,16.0,-1.0,4.0,-5.0,0.2543859649122807,-0.2982456140350962,1.128654970760234,0.0,0.0,-8.4
0022500073,2025-26,2025-11-28,IND,WAS,119.0,86.0,33.0,205.0,1.0,18.0,2.0,16.0,0.1111111111111111,1973.0,109.61111111111111,-212.0,-11.777777777777779,5.0,1.0,4.0,-24.0,-4.8,17.0,2.0,15.0,0.11764705882352941,1939.0,114.05882352941177,-240.0,-14.117647058823529,5.0,1.0,4.0,-46.0,-9.2,1.0,0.0,1.0,-0.006535947712418305,-4.447712418300654,2.3398692810457504,0.0,0.0,4.3999999999999995
0022500074,2025-26,2025-11-28,NYK,MIL,118.0,109.0,9.0,227.0,1.0,17.0,11.0,6.0,0.6470588235294118,2054.0,120.82352941176471,111.0,6.529411764705882,5.0,3.0,2.0,29.0,5.8,19.0,8.0,11.0,0.42105263157894735,2200.0,115.78947368421052,-54.0,-2.8421052631578947,5.0,0.0,5.0,-49.0,-9.8,-2.0,3.0,-5.0,0.22600619195046445,5.03405572755419,9.371517027863778,3.0,-3.0,15.600000000000001
0022500075,2025-26,2025-11-28,OKC,PHX,123.0,119.0,4.0,242.0,1.0,19.0,18.0,1.0,0.9473684210526315,2320.0,122.10526315789474,313.0,16.473684210526315,5.0,5.0,0.0,98.0,19.6,19.0,12.0,7.0,0.631578947368421,2219.0,116.78947368421052,79.0,4.157894736842105,5.0,4.0,1.0,17.0,3.4,0.0,6.0,-6.0,0.3157894736842105,5.3157894736842195,12.315789473684209,1.0,-1.0,16.200000000000003
0022500076,2025-26,2025-11-28,DEN,SAS,136.0,139.0,-3.0,275.0,0.0,17.0,13.0,4.0,0.7647058823529411,2105.0,123.82352941176471,170.0,10.0,5.0,3.0,2.0,12.0,2.4,17.0,12.0,5.0,0.7058823529411765,2007.0,118.05882352941177,110.0,6.470588235294118,5.0,4.0,1.0,36.0,7.2,0.0,1.0,-1.0,0.05882352941176461,5.764705882352942,3.5294117647058822,-1.0,1.0,-4.800000000000001
0022500077,2025-26,2025-11-28,UTA,SAC,128.0,119.0,9.0,247.0,1.0,17.0,5.0,12.0,0.29411764705882354,2007.0,118.05882352941177,-127.0,-7.470588235294118,5.0,1.0,4.0,-62.0,-12.4,19.0,5.0,14.0,0.2631578947368421,2121.0,111.63157894736842,-217.0,-11.421052631578947,5.0,2.0,3.0,-57.0,-11.4,-2.0,0.0,-2.0,0.03095975232198145,6.427244582043343,3.950464396284829,-1.0,1.0,-1.0
0022500078,2025-26,2025-11-28,LAL,DAL,129.0,119.0,10.0,248.0,1.0,17.0,13.0,4.0,0.7647058823529411,2011.0,118.29411764705883,59.0,3.4705882352941178,5.0,5.0,0.0,71.0,14.2,19.0,5.0,14.0,0.2631578947368421,2081.0,109.52631578947368,-113.0,-5.947368421052632,5.0,1.0,4.0,-33.0,-6.6,-2.0,8.0,-10.0,0.5015479876160991,8.767801857585141,9.41795665634675,4.0,-4.0,20.799999999999997
0022500079,2025-26,2025-11-28,LAC,MEM,107.0,112.0,-5.0,219.0,0.0,18.0,5.0,13.0,0.2777777777777778,2019.0,112.16666666666667,-109.0,-6.055555555555555,5.0,1.0,4.0,-47.0,-9.4,19.0,7.0,12.0,0.3684210526315789,2154.0,113.36842105263158,-79.0,-4.157894736842105,5.0,3.0,2.0,32.0,6.4,-1.0,-2.0,1.0,-0.09064327485380114,-1.2017543859649038,-1.89766081871345,-2.0,2.0,-15.8
0022500293,2025-26,2025-11-29,MIN,BOS,119.0,115.0,4.0,234.0,1.0,18.0,10.0,8.0,0.5555555555555556,2139.0,118.83333333333333,84.0,4.666666666666667,5.0,2.0,3.0,21.0,4.2,18.0,10.0,8.0,0.5555555555555556,2066.0,114.77777777777777,82.0,4.555555555555555,5.0,4.0,1.0,21.0,4.2,0.0,0.0,0.0,0.0,4.055555555555557,0.1111111111111116,-2.0,2.0,0.0
0022500294,2025-26,2025-11-29,CHA,TOR,118.0,111.0,7.0,229.0,1.0,19.0,5.0,14.0,0.2631578947368421,2199.0,115.73684210526316,-93.0,-4.894736842105263,5.0,1.0,4.0,-48.0,-9.6,19.0,14.0,5.0,0.7368421052631579,2264.0,119.15789473684211,127.0,6.684210526315789,5.0,5.0,0.0,62.0,12.4,0.0,-9.0,9.0,-0.47368421052631576,-3.421052631578945,-11.578947368421051,-4.0,4.0,-22.0
0022500295,2025-26,2025-11-29,IND,CHI,103.0,101.0,2.0,204.0,1.0,19.0,3.0,16.0,0.15789473684210525,2092.0,110.10526315789474,-179.0,-9.421052631578947,5.0,2.0,3.0,24.0,4.8,18.0,9.0,9.0,0.5,2178.0,121.0,-57.0,-3.1666666666666665,5.0,2.0,3.0,-54.0,-10.8,1.0,-6.0,7.0,-0.34210526315789475,-10.89473684210526,-6.254385964912281,0.0,0.0,15.600000000000001
0022500296,2025-26,2025-11-29,MIA,DET,135.0,138.0,-3.0,273.0,0.0,19.0,13.0,6.0,0.6842105263157895,2336.0,122.94736842105263,110.0,5.7894736842105265,5.0,5.0,0.0,67.0,13.4,19.0,15.0,4.0,0.7894736842105263,2257.0,118.78947368421052,113.0,5.947368421052632,5.0,3.0,2.0,20.0,4.0,0.0,-2.0,2.0,-0.10526315789473684,4.15789473684211,-0.1578947368421053,2.0,-2.0,9.4
0022500297,2025-26,2025-11-29,MIL,BKN,116.0,99.0,17.0,215.0,1.0,20.0,8.0,12.0,0.4,2309.0,115.45,-63.0,-3.15,5.0,0.0,5.0,-46.0,-9.2,18.0,3.0,15.0,0.16666666666666666,1960.0,108.88888888888889,-190.0,-10.555555555555555,5.0,1.0,4.0,-41.0,-8.2,2.0,5.0,-3.0,0.23333333333333336,6.561111111111117,7.405555555555555,-1.0,1.0,-1.0
0022500299,2025-26,2025-11-29,PHX,DEN,112.0,130.0,-18.0,242.0,0.0,20.0,12.0,8.0,0.6,2338.0,116.9,75.0,3.75,5.0,3.0,2.0,-4.0,-0.8,18.0,13.0,5.0,0.7222222222222222,2241.0,124.5,167.0,9.277777777777779,5.0,3.0,2.0,12.0,2.4,2.0,-1.0,3.0,-0.12222222222222223,-7.599999999999994,-5.527777777777779,0.0,0.0,-3.2
0022500300,2025-26,2025-11-29,LAC,DAL,110.0,114.0,-4.0,224.0,0.0,19.0,5.0,14.0,0.2631578947368421,2126.0,111.89473684210526,-114.0,-6.0,5.0,1.0,4.0,-50.0,-10.0,20.0,5.0,15.0,0.25,2200.0,110.0,-123.0,-6.15,5.0,1.0,4.0,-19.0,-3.8,-1.0,0.0,-1.0,0.01315789473684209,1.8947368421052602,0.15000000000000036,0.0,0.0,-6.2
0022500301,2025-26,2025-11-30,UTA,HOU,101.0,129.0,-28.0,230.0,0.0,18.0,6.0,12.0,0.3333333333333333,2135.0,118.61111111111111,-118.0,-6.555555555555555,5.0,1.0,4.0,-56.0,-11.2,16.0,12.0,4.0,0.75,1938.0,121.125,171.0,10.6875,5.0,4.0,1.0,37.0,7.4,2.0,-6.0,8.0,-0.4166666666666667,-2.5138888888888857,-17.243055555555557,-3.0,3.0,-18.6
0022500302,2025-26,2025-11-30,CLE,BOS,115.0,117.0,-2.0,232.0,0.0,20.0,12.0,8.0,0.6,2380.0,119.0,69.0,3.45,5.0,2.0,3.0,-2.0,-0.4,19.0,10.0,9.0,0.5263157894736842,2181.0,114.78947368421052,78.0,4.105263157894737,5.0,3.0,2.0,14.0,2.8,1.0,2.0,-1.0,0.0736842105263158,4.21052631578948,-0.655263157894737,-1.0,1.0,-3.1999999999999997
0022500303,2025-26,2025-11-30,NYK,TOR,116.0,94.0,22.0,210.0,1.0,18.0,12.0,6.0,0.6666666666666666,2172.0,120.66666666666667,120.0,6.666666666666667,5.0,4.0,1.0,40.0,8.0,20.0,14.0,6.0,0.7,2375.0,118.75,120.0,6.0,5.0,4.0,1.0,46.0,9.2,-2.0,-2.0,0.0,-0.033333333333333326,1.9166666666666714,0.666666666666667,0.0,0.0,-1.1999999999999993
0022500304,2025-26,2025-11-30,PHI,ATL,134.0,142.0,-8.0,276.0,0.0,18.0,10.0,8.0,0.5555555555555556,2111.0,117.27777777777777,-5.0,-0.2777777777777778,5.0,2.0,3.0,-39.0,-7.8,20.0,12.0,8.0,0.6,2355.0,117.75,41.0,2.05,5.0,3.0,2.0,-1.0,-0.2,-2.0,-2.0,0.0,-0.0444444444444444,-0.47222222222222854,-2.3277777777777775,-1.0,1.0,-7.6
0022500305,2025-26,2025-11-30,POR,OKC,115.0,123.0,-8.0,238.0,0.0,19.0,8.0,11.0,0.42105263157894735,2250.0,118.42105263157895,-50.0,-2.6315789473684212,5.0,2.0,3.0,-25.0,-5.0,20.0,19.0,1.0,0.95,2443.0,122.15,317.0,15.85,5.0,5.0,0.0,85.0,17.0,-1.0,-11.0,10.0,-0.5289473684210526,-3.7289473684210606,-18.48157894736842,-3.0,3.0,-22.0
0022500306,2025-26,2025-11-30,MIN,SAS,125.0,112.0,13.0,237.0,1.0,19.0,11.0,8.0,0.5789473684210527,2258.0,118.84210526315789,88.0,4.631578947368421,5.0,2.0,3.0,1.0,0.2,18.0,13.0,5.0,0.7222222222222222,2146.0,119.22222222222223,113.0,6.277777777777778,5.0,4.0,1.0,26.0,5.2,1.0,-2.0,3.0,-0.14327485380116955,-0.3801169590643383,-1.6461988304093564,-2.0,2.0,-5.0
0022500307,2025-26,2025-11-30,SAC,MEM,107.0,115.0,-8.0,222.0,0.0,20.0,5.0,15.0,0.25,2240.0,112.0,-226.0,-11.3,5.0,2.0,3.0,-52.0,-10.4,20.0,8.0,12.0,0.4,2266.0,113.3,-74.0,-3.7,5.0,4.0,1.0,47.0,9.4,0.0,-3.0,3.0,-0.15000000000000002,-1.2999999999999972,-7.6000000000000005,-2.0,2.0,-19.8
