team,season,player_id,player_name,impact_off_per_possession,impact_def_per_possession,impact_per_possession,impact_off_per_100,impact_def_per_100,impact_per_100,exposure_stint_units
CHI,2025-26,1642954,Will Richard,-0.011147754266858101,0.2324792593717575,0.2213314324617386,-1.11477542668581,23.24792593717575,22.13314324617386,96.0
CHI,2025-26,1630311,Pat Spencer,-0.008483057841658592,0.20023487508296967,0.19175192713737488,-0.8483057841658592,20.023487508296967,19.175192713737488,108.0
CHI,2025-26,1641796,Pelle Larsson,-0.030150379985570908,0.216775581240654,0.18662531673908234,-3.0150379985570908,21.6775581240654,18.662531673908234,116.0
CHI,2025-26,1627783,Pascal Siakam,0.2344091683626175,-0.04995463415980339,0.1844547539949417,23.44091683626175,-4.995463415980339,18.44547539949417,259.0
CHI,2025-26,1630696,Dru Smith,0.07231631875038147,0.09585606306791306,0.16817231476306915,7.231631875038147,9.585606306791306,16.817231476306915,83.0
CHI,2025-26,1642846,Ace Bailey,0.12971384823322296,0.03013036772608757,0.15984420478343964,12.971384823322296,3.013036772608757,15.984420478343964,46.0
CHI,2025-26,1628384,OG Anunoby,0.08164378255605698,0.07141551375389099,0.15305916965007782,8.164378255605698,7.141551375389099,15.305916965007782,293.0
CHI,2025-26,1642851,Kon Knueppel,0.26001647114753723,-0.11390388756990433,0.1461120843887329,26.001647114753723,-11.390388756990433,14.611208438873291,277.0
CHI,2025-26,1642258,Zaccharie Risacher,0.003282365156337619,0.13912780582904816,0.14241020381450653,0.3282365156337619,13.912780582904816,14.241020381450653,89.0
CHI,2025-26,1629631,De'Andre Hunter,0.16604667901992798,-0.027268074452877045,0.13877850770950317,16.604667901992798,-2.7268074452877045,13.877850770950317,140.0
CHI,2025-26,1629011,Mitchell Robinson,-0.05271255597472191,0.18014349043369293,0.12743082642555237,-5.271255597472191,18.014349043369293,12.743082642555237,138.0
CHI,2025-26,1642950,Lachlan Olbrich,0.036927156150341034,0.08464518189430237,0.12157227098941803,3.6927156150341034,8.464518189430237,12.157227098941803,88.0
CHI,2025-26,1628370,Malik Monk,-0.03311598673462868,0.150685653090477,0.11756961792707443,-3.3115986734628677,15.068565309047699,11.756961792707443,115.0
CHI,2025-26,1641783,Tristan da Silva,0.17318499088287354,-0.057531945407390594,0.11565324664115906,17.318499088287354,-5.7531945407390594,11.565324664115906,115.0
CHI,2025-26,1629130,Duncan Robinson,0.15250256657600403,-0.043228715658187866,0.10927385836839676,15.250256657600403,-4.322871565818787,10.927385836839676,266.0
CHI,2025-26,1630581,Josh Giddey,0.030620109289884567,0.07609138637781143,0.10671153664588928,3.0620109289884567,7.609138637781143,10.671153664588928,3075.0
CHI,2025-26,1629013,Landry Shamet,0.144644632935524,-0.040321845561265945,0.1043228730559349,14.464463293552399,-4.0321845561265945,10.43228730559349,135.0
CHI,2025-26,1630530,Trey Murphy III,-0.0073403967544436455,0.10582713037729263,0.09848665446043015,-0.7340396754443645,10.582713037729263,9.848665446043015,303.0
CHI,2025-26,1630596,Evan Mobley,0.12388236075639725,-0.02797512151300907,0.0959072932600975,12.388236075639725,-2.797512151300907,9.59072932600975,156.0
CHI,2025-26,1642862,Liam McNeeley,0.08821894228458405,0.006098862737417221,0.09431780874729156,8.821894228458405,0.6098862737417221,9.431780874729156,19.0
CHI,2025-26,1631133,Jabari Walker,-0.08949370682239532,0.1823558360338211,0.09286215156316757,-8.949370682239532,18.23558360338211,9.286215156316757,80.0
CHI,2025-26,1626167,Myles Turner,0.16748479008674622,-0.07520298659801483,0.09228179603815079,16.74847900867462,-7.520298659801483,9.228179603815079,137.0
CHI,2025-26,1642874,Danny Wolf,-0.047000590711832047,0.1389835625886917,0.09198281913995743,-4.700059071183205,13.898356258869171,9.198281913995743,103.0
CHI,2025-26,1629731,Dean Wade,0.07865042984485626,0.01242726668715477,0.09107764810323715,7.865042984485626,1.242726668715477,9.107764810323715,95.0
CHI,2025-26,1641731,Bilal Coulibaly,-0.05252768099308014,0.13751909136772156,0.08499140292406082,-5.252768099308014,13.751909136772156,8.499140292406082,113.0
CHI,2025-26,1628374,Lauri Markkanen,0.1859084516763687,-0.10146122425794601,0.08444713801145554,18.59084516763687,-10.146122425794601,8.444713801145554,180.0
CHI,2025-26,1642269,Devin Carter,0.008149208500981331,0.0762324258685112,0.08438164740800858,0.8149208500981331,7.62324258685112,8.438164740800858,47.0
CHI,2025-26,1631218,Trayce Jackson-Davis,-0.054002925753593445,0.13686813414096832,0.08286531269550323,-5.4002925753593445,13.686813414096832,8.286531269550323,83.0
CHI,2025-26,1630182,Josh Green,0.1698218286037445,-0.08755606412887573,0.08226560056209564,16.98218286037445,-8.755606412887573,8.226560056209564,64.0
CHI,2025-26,1630549,Day'Ron Sharpe,-0.0584893561899662,0.13668012619018555,0.07819080352783203,-5.84893561899662,13.668012619018555,7.819080352783203,60.0
CHI,2025-26,1630191,Isaiah Stewart,-0.0652720257639885,0.14203046262264252,0.07675840705633163,-6.5272025763988495,14.203046262264252,7.6758407056331635,123.0
CHI,2025-26,1631323,Simone Fontecchio,-0.04231259599328041,0.11495663970708847,0.0726441890001297,-4.231259599328041,11.495663970708847,7.26441890001297,121.0
CHI,2025-26,204456,T.J. McConnell,0.09033847600221634,-0.02156793512403965,0.0687704086303711,9.033847600221634,-2.156793512403965,6.877040863037109,150.0
CHI,2025-26,1642267,Bub Carrington,-0.06238314136862755,0.13104909658432007,0.06866582483053207,-6.238314136862755,13.104909658432007,6.866582483053207,120.0
CHI,2025-26,1630168,Onyeka Okongwu,-0.05365806072950363,0.12139109522104263,0.06773305684328079,-5.365806072950363,12.139109522104263,6.773305684328079,126.0
CHI,2025-26,1631207,Dalen Terry,0.11860111355781555,-0.053198907524347305,0.06540212035179138,11.860111355781555,-5.3198907524347305,6.540212035179138,671.0
CHI,2025-26,1630194,Paul Reed,0.16408543288707733,-0.09962131828069687,0.06446430087089539,16.408543288707733,-9.962131828069687,6.446430087089539,158.0
CHI,2025-26,1630679,Ethan Thompson,-0.3847503066062927,0.4484744966030121,0.06372404098510742,-38.47503066062927,44.84744966030121,6.372404098510742,131.0
CHI,2025-26,1628436,Luke Kornet,-0.058016132563352585,0.12115726619958878,0.06314098089933395,-5.8016132563352585,12.115726619958878,6.314098089933395,93.0
CHI,2025-26,1630180,Saddiq Bey,0.19849324226379395,-0.1356322318315506,0.0628611147403717,19.849324226379395,-13.56322318315506,6.28611147403717,268.0
CHI,2025-26,1630557,Corey Kispert,-0.10167194157838821,0.1635180413722992,0.06184617429971695,-10.167194157838821,16.35180413722992,6.184617429971695,170.0
CHI,2025-26,1641764,Brandin Podziemski,-0.0714258998632431,0.13253720104694366,0.06111139431595802,-7.14258998632431,13.253720104694366,6.111139431595802,108.0
CHI,2025-26,1641763,Julian Phillips,0.046332284808158875,0.013806432485580444,0.06013880670070648,4.6332284808158875,1.3806432485580444,6.013880670070648,871.0
CHI,2025-26,1631212,Peyton Watson,0.1305089294910431,-0.07158013433218002,0.058928776532411575,13.050892949104309,-7.158013433218002,5.8928776532411575,156.0
CHI,2025-26,1642856,Egor Dëmin,-0.04507623240351677,0.10133437067270279,0.05625796690583229,-4.507623240351677,10.133437067270279,5.625796690583229,118.0
CHI,2025-26,1629618,Jalen Pickett,0.09724488854408264,-0.04234149679541588,0.05490340664982796,9.724488854408264,-4.234149679541588,5.490340664982796,54.0
CHI,2025-26,1630631,Jose Alvarado,0.09823775291442871,-0.04361199215054512,0.05462584272027016,9.823775291442871,-4.361199215054512,5.462584272027016,218.0
CHI,2025-26,1628380,Zach Collins,0.21086090803146362,-0.15754860639572144,0.05331224575638771,21.086090803146362,-15.754860639572144,5.331224575638771,286.0
CHI,2025-26,1630529,Herbert Jones,-0.2653942406177521,0.317173033952713,0.05177883058786392,-26.539424061775208,31.7173033952713,5.177883058786392,88.0
CHI,2025-26,1642860,Will Riley,0.007990940473973751,0.04265465587377548,0.050645604729652405,0.7990940473973751,4.265465587377548,5.0645604729652405,8.0
CHI,2025-26,1626162,Kelly Oubre Jr.,-0.04783120006322861,0.09769666194915771,0.04986526444554329,-4.783120006322861,9.769666194915771,4.986526444554329,143.0
CHI,2025-26,1631255,Karlo Matković,-0.1375378519296646,0.18658201396465302,0.049043845385313034,-13.753785192966461,18.6582013964653,4.904384538531303,57.0
CHI,2025-26,1628976,Wendell Carter Jr.,0.12868492305278778,-0.08081347495317459,0.047871533781290054,12.868492305278778,-8.081347495317459,4.787153378129005,138.0
CHI,2025-26,1629632,Coby White,0.04816995561122894,-0.00114415620919317,0.04702585190534592,4.816995561122894,-0.11441562091931701,4.702585190534592,1015.0
CHI,2025-26,1641729,Brice Sensabaugh,0.11543794721364975,-0.0703895166516304,0.04504837468266487,11.543794721364975,-7.03895166516304,4.504837468266487,84.0
CHI,2025-26,1631097,Bennedict Mathurin,-0.026392096653580666,0.06973352283239365,0.04334148019552231,-2.6392096653580666,6.973352283239365,4.334148019552231,311.0
CHI,2025-26,1642354,KJ Simpson,0.15384091436862946,-0.11113294959068298,0.04270792752504349,15.384091436862946,-11.113294959068298,4.270792752504349,100.0
CHI,2025-26,1628398,Kyle Kuzma,0.17816777527332306,-0.13553579151630402,0.04263177141547203,17.816777527332306,-13.553579151630402,4.263177141547203,120.0
CHI,2025-26,1629599,Amir Coffey,0.06586822122335434,-0.024143239483237267,0.04172498732805252,6.586822122335434,-2.4143239483237267,4.172498732805252,36.0
CHI,2025-26,1642877,Micah Peavy,0.22377832233905792,-0.18266645073890686,0.04111200198531151,22.377832233905792,-18.266645073890686,4.111200198531151,89.0
CHI,2025-26,1642879,Ben Saraf,-0.02654506452381611,0.06507758796215057,0.03853249549865723,-2.654506452381611,6.507758796215057,3.8532495498657227,62.0
CHI,2025-26,1642264,Stephon Castle,-0.04832674190402031,0.08511673659086227,0.03679019957780838,-4.832674190402031,8.511673659086227,3.679019957780838,149.0
CHI,2025-26,1627750,Jamal Murray,0.1362178921699524,-0.10070068389177322,0.035517167299985886,13.62178921699524,-10.070068389177322,3.5517167299985886,179.0
CHI,2025-26,1641705,Victor Wembanyama,-0.06558991968631744,0.10050198435783386,0.03491203486919403,-6.558991968631744,10.050198435783386,3.491203486919403,169.0
CHI,2025-26,1641809,Drew Peterson,0.04983298480510712,-0.015084155835211277,0.034748826175928116,4.983298480510712,-1.5084155835211277,3.4748826175928116,26.0
CHI,2025-26,1630245,Ayo Dosunmu,0.029666364192962646,0.004295105114579201,0.033961500972509384,2.9666364192962646,0.4295105114579201,3.3961500972509384,2195.0
CHI,2025-26,1641824,Matas Buzelis,-0.01213204674422741,0.045826055109500885,0.03369401395320892,-1.213204674422741,4.5826055109500885,3.3694013953208923,2839.0
CHI,2025-26,1642274,Yves Missi,0.1509172022342682,-0.11722496896982193,0.03369209170341492,15.091720223426819,-11.722496896982193,3.3692091703414917,175.0
CHI,2025-26,1629027,Trae Young,-0.13513284921646118,0.16712327301502228,0.031990423798561096,-13.513284921646118,16.712327301502228,3.1990423798561096,155.0
CHI,2025-26,1642272,Jared McCain,-0.05627260357141495,0.08756399154663086,0.03129129856824875,-5.627260357141495,8.756399154663086,3.129129856824875,69.0
CHI,2025-26,201566,Russell Westbrook,-0.08680932223796844,0.11727842688560486,0.030469011515378952,-8.680932223796844,11.727842688560486,3.046901151537895,114.0
CHI,2025-26,1626157,Karl-Anthony Towns,0.12103985249996185,-0.09064619243144989,0.030393658205866814,12.103985249996185,-9.064619243144989,3.0393658205866814,289.0
CHI,2025-26,1629661,Cameron Johnson,0.14701464772224426,-0.1173853799700737,0.029629183933138847,14.701464772224426,-11.73853799700737,2.9629183933138847,170.0
CHI,2025-26,1631217,Moussa Diabaté,0.14133647084236145,-0.11179530620574951,0.029541058465838432,14.133647084236145,-11.179530620574951,2.9541058465838432,125.0
CHI,2025-26,1629008,Michael Porter Jr.,-0.11349489539861679,0.14271967113018036,0.029224397614598274,-11.349489539861679,14.271967113018036,2.9224397614598274,143.0
CHI,2025-26,203994,Jusuf Nurkić,0.06656301021575928,-0.03928536921739578,0.027277963235974312,6.656301021575928,-3.9285369217395782,2.727796323597431,140.0
CHI,2025-26,1642280,Trentyn Flowers,0.04363299906253815,-0.01665601134300232,0.026976943016052246,4.363299906253815,-1.665601134300232,2.6976943016052246,19.0
CHI,2025-26,1631260,AJ Green,0.15009771287441254,-0.12391567975282669,0.026182126253843307,15.009771287441254,-12.391567975282669,2.6182126253843307,160.0
CHI,2025-26,1630579,Jericho Sims,0.0714278519153595,-0.04544117674231529,0.025986656546592712,7.14278519153595,-4.544117674231529,2.5986656546592712,14.0
CHI,2025-26,1630170,Devin Vassell,-0.10474416613578796,0.13054755330085754,0.02580329030752182,-10.474416613578796,13.054755330085754,2.580329030752182,103.0
CHI,2025-26,1629726,Garrison Mathews,-0.10079400986433029,0.12650269269943237,0.02570861205458641,-10.07940098643303,12.650269269943237,2.570861205458641,104.0
CHI,2025-26,1642859,Jase Richardson,0.03161069005727768,-0.006098003592342138,0.02551271580159664,3.161069005727768,-0.6098003592342138,2.551271580159664,43.0
CHI,2025-26,203932,Aaron Gordon,0.1667173206806183,-0.14426463842391968,0.02245306596159935,16.67173206806183,-14.426463842391968,2.245306596159935,141.0
CHI,2025-26,1631170,Jaime Jaquez Jr.,-0.07873684912919998,0.09884408861398697,0.020107317715883255,-7.873684912919998,9.884408861398697,2.0107317715883255,128.0
CHI,2025-26,1642276,Kel'el Ware,-0.10809125751256943,0.12810182571411133,0.020010409876704216,-10.809125751256943,12.810182571411133,2.0010409876704216,142.0
CHI,2025-26,1631157,Ryan Rollins,0.11827526986598969,-0.0989689826965332,0.019306214526295662,11.827526986598969,-9.89689826965332,1.9306214526295662,140.0
CHI,2025-26,1629001,De'Anthony Melton,-0.01992771402001381,0.03649185597896576,0.01656399480998516,-1.992771402001381,3.649185597896576,1.656399480998516,57.0
CHI,2025-26,1627824,Guerschon Yabusele,-0.08314047753810883,0.09868694096803665,0.01554649043828249,-8.314047753810883,9.868694096803665,1.554649043828249,23.0
CHI,2025-26,201567,Kevin Love,0.152165025472641,-0.13809393346309662,0.014071214012801647,15.2165025472641,-13.809393346309662,1.4071214012801647,86.0
CHI,2025-26,1631213,Tyrese Martin,-0.035273291170597076,0.048455867916345596,0.013182706199586391,-3.5273291170597076,4.84558679163456,1.3182706199586391,99.0
CHI,2025-26,1642271,Kyle Filipowski,0.13287749886512756,-0.11994075775146484,0.012936700135469437,13.287749886512756,-11.994075775146484,1.2936700135469437,100.0
CHI,2025-26,1641774,Tristan Vukcevic,-0.08040695637464523,0.09218538552522659,0.011778322048485279,-8.040695637464523,9.21853855252266,1.177832204848528,103.0
CHI,2025-26,1641715,Cam Whitmore,-0.05665997415781021,0.06828732788562775,0.011627756990492344,-5.665997415781021,6.828732788562775,1.1627756990492344,90.0
CHI,2025-26,1629234,Drew Eubanks,-0.09548142552375793,0.10332407057285309,0.00784262828528881,-9.548142552375793,10.332407057285309,0.7842628285288811,62.0
CHI,2025-26,1641710,Anthony Black,0.120643250644207,-0.11363997310400009,0.007002986501902342,12.0643250644207,-11.36399731040001,0.7002986501902342,139.0
CHI,2025-26,1641718,Keyonte George,0.17499332129955292,-0.1692838966846466,0.005709514953196049,17.49933212995529,-16.92838966846466,0.5709514953196049,159.0
CHI,2025-26,1630643,Jay Huff,-0.04142678156495094,0.04619167745113373,0.004764896351844072,-4.142678156495094,4.619167745113373,0.47648963518440723,224.0
CHI,2025-26,1642366,Quinten Post,-0.05944626405835152,0.0632580816745758,0.0038119524251669645,-5.944626405835152,6.325808167457581,0.38119524251669645,102.0
CHI,2025-26,203507,Giannis Antetokounmpo,0.09931424260139465,-0.09618934243917465,0.003125130431726575,9.931424260139465,-9.618934243917465,0.3125130431726575,171.0
CHI,2025-26,1641737,Adem Bona,-0.06522403657436371,0.06792303174734116,0.002699059434235096,-6.522403657436371,6.792303174734116,0.2699059434235096,100.0
CHI,2025-26,1630595,Cade Cunningham,-0.15335099399089813,0.15405875444412231,0.000707761850208044,-15.335099399089813,15.405875444412231,0.0707761850208044,150.0
CHI,2025-26,1628970,Miles Bridges,0.11078708618879318,-0.1107332706451416,5.385512486100197e-05,11.078708618879318,-11.07332706451416,0.005385512486100197,293.0
CHI,2025-26,1642962,Drake Powell,-0.033424876630306244,0.03234608843922615,-0.001078766188584268,-3.3424876630306244,3.234608843922615,-0.10787661885842681,61.0
CHI,2025-26,1642259,Alex Sarr,-0.07710043340921402,0.0758700892329216,-0.0012303388211876154,-7.710043340921402,7.58700892329216,-0.12303388211876154,123.0
CHI,2025-26,1631243,Mouhamed Gueye,-0.07951237261295319,0.07796981930732727,-0.00154251663479954,-7.951237261295319,7.796981930732727,-0.154251663479954,45.0
CHI,2025-26,1626145,Tyus Jones,0.037125930190086365,-0.038889795541763306,-0.0017639781581237912,3.7125930190086365,-3.8889795541763306,-0.17639781581237912,66.0
CHI,2025-26,1627780,Gary Payton II,0.003457183251157403,-0.006484963931143284,-0.0030278016347438097,0.3457183251157403,-0.6484963931143284,-0.30278016347438097,17.0
CHI,2025-26,1631111,Wendell Moore Jr.,0.12368858605623245,-0.12691985070705414,-0.003231302835047245,12.368858605623245,-12.691985070705414,-0.3231302835047245,40.0
CHI,2025-26,1628396,Tony Bradley,-0.01558862067759037,0.011879946105182171,-0.0037086617667227983,-1.558862067759037,1.187994610518217,-0.37086617667227983,3.0
CHI,2025-26,1643007,Taelon Peter,-0.015588619746267796,0.011879939585924149,-0.003708665957674384,-1.5588619746267796,1.1879939585924149,-0.3708665957674384,3.0
CHI,2025-26,1642262,Cody Williams,0.0675307884812355,-0.07167242467403412,-0.004141554236412048,6.75307884812355,-7.167242467403412,-0.41415542364120483,96.0
CHI,2025-26,1642847,Jeremiah Fears,0.005798956844955683,-0.010959255509078503,-0.005160174798220396,0.5798956844955683,-1.0959255509078503,-0.5160174798220396,237.0
CHI,2025-26,1642868,Carter Bryant,-0.05106303095817566,0.04581747204065323,-0.005245574284344912,-5.106303095817566,4.581747204065323,-0.5245574284344912,14.0
CHI,2025-26,203482,Kelly Olynyk,-0.05106302350759506,0.04581746086478233,-0.00524557800963521,-5.106302350759506,4.581746086478233,-0.524557800963521,14.0
CHI,2025-26,203084,Harrison Barnes,-0.04951614886522293,0.04118926450610161,-0.008326901122927666,-4.951614886522293,4.118926450610161,-0.8326901122927666,138.0
CHI,2025-26,1628378,Donovan Mitchell,0.13168801367282867,-0.14026756584644318,-0.008579807355999947,13.168801367282867,-14.026756584644318,-0.8579807355999947,169.0
CHI,2025-26,1630175,Cole Anthony,0.1329992413520813,-0.1422872394323349,-0.009287972934544086,13.29992413520813,-14.22872394323349,-0.9287972934544086,92.0
CHI,2025-26,202710,Jimmy Butler III,-0.07082117348909378,0.06117671728134155,-0.009644459933042526,-7.082117348909378,6.117671728134155,-0.9644459933042526,119.0
CHI,2025-26,1642066,Myron Gardner,-0.08517482131719589,0.07403364032506943,-0.011140911839902401,-8.51748213171959,7.403364032506943,-1.11409118399024,27.0
CHI,2025-26,203954,Joel Embiid,-0.08951114863157272,0.07830502837896347,-0.011206076480448246,-8.951114863157272,7.830502837896347,-1.1206076480448246,110.0
CHI,2025-26,1642278,Tyler Kolek,-0.18806950747966766,0.17624032497406006,-0.011829196475446224,-18.806950747966766,17.624032497406006,-1.1829196475446224,15.0
CHI,2025-26,1629656,Quentin Grimes,-0.02979552187025547,0.017845477908849716,-0.011950058862566948,-2.979552187025547,1.7845477908849716,-1.1950058862566948,135.0
CHI,2025-26,1642883,Sion James,0.16245895624160767,-0.17565177381038666,-0.013192755170166492,16.245895624160767,-17.565177381038666,-1.3192755170166492,199.0
CHI,2025-26,1641709,Ausar Thompson,-0.2209668904542923,0.20737920701503754,-0.013587882742285728,-22.09668904542923,20.737920701503754,-1.3587882742285728,151.0
CHI,2025-26,1627741,Buddy Hield,-0.0392342284321785,0.024496182799339294,-0.014738131314516068,-3.9234228432178497,2.4496182799339294,-1.4738131314516068,92.0
CHI,2025-26,1641730,Noah Clowney,-0.10250359773635864,0.08695798367261887,-0.015545613132417202,-10.250359773635864,8.695798367261887,-1.5545613132417202,149.0
CHI,2025-26,1626181,Norman Powell,-0.06769474595785141,0.04969063773751259,-0.018004167824983597,-6.769474595785141,4.969063773751259,-1.8004167824983597,120.0
CHI,2025-26,1629750,Javonte Green,0.0432550273835659,-0.06193980574607849,-0.01868453435599804,4.32550273835659,-6.193980574607849,-1.868453435599804,188.0
CHI,2025-26,1629638,Nickeil Alexander-Walker,-0.1520896703004837,0.1329159289598465,-0.019173739477992058,-15.20896703004837,13.29159289598465,-1.9173739477992058,131.0
CHI,2025-26,1642352,Keshad Johnson,-0.1486768275499344,0.1293814480304718,-0.019295530393719673,-14.867682754993439,12.93814480304718,-1.9295530393719673,140.0
CHI,2025-26,1630577,Julian Champagnie,-0.04657530412077904,0.027226697653532028,-0.019348621368408203,-4.657530412077904,2.722669765353203,-1.9348621368408203,94.0
CHI,2025-26,1628389,Bam Adebayo,-0.0845506340265274,0.06395328044891357,-0.02059737779200077,-8.45506340265274,6.395328044891357,-2.059737779200077,134.0
CHI,2025-26,1627747,Caris LeVert,0.04863214120268822,-0.07002197951078415,-0.021390005946159363,4.863214120268822,-7.002197951078415,-2.1390005946159363,203.0
CHI,2025-26,1631121,Bryce McGowens,0.08692628890275955,-0.10844942927360535,-0.02152327261865139,8.692628890275955,-10.844942927360535,-2.152327261865139,149.0
CHI,2025-26,1629012,Collin Sexton,-0.01719670370221138,-0.00487265782430768,-0.022069523110985756,-1.719670370221138,-0.487265782430768,-2.2069523110985756,109.0
CHI,2025-26,1630163,LaMelo Ball,0.03502386063337326,-0.057202573865652084,-0.022178741171956062,3.502386063337326,-5.720257386565208,-2.2178741171956062,128.0
CHI,2025-26,1641724,Jett Howard,0.09688112139701843,-0.11935510486364365,-0.022473851218819618,9.688112139701843,-11.935510486364365,-2.247385121881962,39.0
CHI,2025-26,1630188,Jalen Smith,0.03829292953014374,-0.06099453195929527,-0.02270171232521534,3.829292953014374,-6.099453195929527,-2.270171232521534,1452.0
CHI,2025-26,204001,Kristaps Porziņģis,-0.12984947860240936,0.10696308314800262,-0.022886350750923157,-12.984947860240936,10.696308314800262,-2.2886350750923157,114.0
CHI,2025-26,1630171,Isaac Okoro,-0.0059792110696434975,-0.017322354018688202,-0.02330159582197666,-0.5979211069643497,-1.7322354018688202,-2.330159582197666,1700.0
CHI,2025-26,1628366,Lonzo Ball,0.08854673057794571,-0.1126900389790535,-0.02414323203265667,8.854673057794571,-11.26900389790535,-2.414323203265667,99.0
CHI,2025-26,1628379,Luke Kennard,-0.1072804406285286,0.08274444192647934,-0.02453598938882351,-10.72804406285286,8.274444192647934,-2.453598938882351,88.0
CHI,2025-26,1628989,Kevin Huerter,0.01735016517341137,-0.0420822910964489,-0.024732092395424843,1.735016517341137,-4.20822910964489,-2.4732092395424843,2008.0
CHI,2025-26,1642275,Tidjane Salaün,0.08680631965398788,-0.11211064457893372,-0.025304226204752922,8.680631965398788,-11.211064457893372,-2.530422620475292,63.0
CHI,2025-26,1631165,Keon Ellis,-0.09364502131938934,0.0674431174993515,-0.026202047243714333,-9.364502131938934,6.74431174993515,-2.6202047243714333,110.0
CHI,2025-26,1642268,Isaiah Collier,0.13418368995189667,-0.1608426570892334,-0.026659036055207253,13.418368995189667,-16.08426570892334,-2.6659036055207253,138.0
CHI,2025-26,1630178,Tyrese Maxey,-0.1269216686487198,0.10008621960878372,-0.026835598051548004,-12.692166864871979,10.008621960878372,-2.6835598051548004,172.0
CHI,2025-26,203471,Dennis Schröder,-0.1504630148410797,0.12357138842344284,-0.026891512796282768,-15.046301484107971,12.357138842344284,-2.689151279628277,122.0
CHI,2025-26,1630241,Sam Merrill,0.09688541293144226,-0.1265290230512619,-0.02964354120194912,9.688541293144226,-12.65290230512619,-2.964354120194912,133.0
CHI,2025-26,1630533,Ziaire Williams,-0.1271839588880539,0.097292460501194,-0.02989143505692482,-12.71839588880539,9.7292460501194,-2.989143505692482,113.0
CHI,2025-26,1629651,Nic Claxton,-0.07413658499717712,0.04161154478788376,-0.03252478316426277,-7.413658499717712,4.161154478788376,-3.252478316426277,152.0
CHI,2025-26,1630172,Patrick Williams,-0.01627826876938343,-0.0192826259881258,-0.03556089103221893,-1.627826876938343,-1.92826259881258,-3.5560891032218933,2146.0
CHI,2025-26,203999,Nikola Jokić,0.1270742565393448,-0.16347132623195648,-0.036397140473127365,12.707425653934479,-16.347132623195648,-3.6397140473127365,187.0
CHI,2025-26,1630200,Tre Jones,-0.06706137955188751,0.03013208881020546,-0.03692926838994026,-6.706137955188751,3.013208881020546,-3.692926838994026,2273.0
CHI,2025-26,1630532,Franz Wagner,0.0747208297252655,-0.11252402514219284,-0.03780319169163704,7.47208297252655,-11.252402514219284,-3.780319169163704,160.0
CHI,2025-26,1630811,Keaton Wallace,-0.0008783520897850394,-0.037312593311071396,-0.038190972059965134,-0.08783520897850394,-3.7312593311071396,-3.8190972059965134,21.0
CHI,2025-26,1641752,Bobi Klintman,0.05600772798061371,-0.094268798828125,-0.03826106712222099,5.600772798061371,-9.4268798828125,-3.8261067122220993,65.0
CHI,2025-26,1629627,Zion Williamson,0.060882918536663055,-0.09959592670202255,-0.0387127660214901,6.0882918536663055,-9.959592670202255,-3.8712766021490097,251.0
CHI,2025-26,1630543,Isaiah Jackson,0.039069462567567825,-0.07848875969648361,-0.039419252425432205,3.9069462567567825,-7.848875969648361,-3.9419252425432205,160.0
CHI,2025-26,1627734,Domantas Sabonis,-0.08483365923166275,0.044312603771686554,-0.04052110016345978,-8.483365923166275,4.431260377168655,-4.052110016345978,144.0
CHI,2025-26,1642449,Tolu Smith,0.07686612010002136,-0.11783492565155029,-0.04096854850649834,7.686612010002136,-11.78349256515503,-4.096854850649834,64.0
CHI,2025-26,1628969,Mikal Bridges,-0.07683258503675461,0.03553144261240959,-0.04130111262202263,-7.683258503675461,3.553144261240959,-4.130111262202263,304.0
CHI,2025-26,1630544,Tre Mann,0.07210411131381989,-0.11422330141067505,-0.04211917147040367,7.2104111313819885,-11.422330141067505,-4.211917147040367,62.0
CHI,2025-26,1626171,Bobby Portis,0.04227946698665619,-0.08444389700889587,-0.042164396494627,4.227946698665619,-8.444389700889587,-4.2164396494627,85.0
CHI,2025-26,1641716,Jarace Walker,0.02157154306769371,-0.06433538347482681,-0.042763933539390564,2.157154306769371,-6.433538347482681,-4.276393353939056,126.0
CHI,2025-26,1629640,Keldon Johnson,-0.09694694727659225,0.05202579125761986,-0.0449211411178112,-9.694694727659225,5.202579125761986,-4.49211411178112,83.0
CHI,2025-26,1642443,Jahmir Young,-0.14096756279468536,0.09561534225940704,-0.045352254062891006,-14.096756279468536,9.561534225940704,-4.535225406289101,33.0
CHI,2025-26,1642273,Kyshawn George,-0.11997269093990326,0.07388460636138916,-0.04608822241425514,-11.997269093990326,7.388460636138916,-4.608822241425514,170.0
CHI,2025-26,1628371,Jonathan Isaac,-0.003136472776532173,-0.04378288984298706,-0.04691940173506737,-0.3136472776532173,-4.378288984298706,-4.691940173506737,22.0
CHI,2025-26,1628971,Bruce Brown,0.052729398012161255,-0.10029805451631546,-0.047568634152412415,5.2729398012161255,-10.029805451631546,-4.7568634152412415,113.0
CHI,2025-26,1641842,Ronald Holland II,-0.06468146294355392,0.01579250954091549,-0.048888854682445526,-6.4681462943553925,1.579250954091549,-4.888885468244553,257.0
CHI,2025-26,1630611,Gui Santos,-0.1273602843284607,0.07175092399120331,-0.05560939386487007,-12.73602843284607,7.175092399120331,-5.560939386487007,72.0
CHI,2025-26,1641706,Brandon Miller,0.11335040628910065,-0.17005546391010284,-0.056704889982938766,11.335040628910065,-17.005546391010284,-5.670488998293877,294.0
CHI,2025-26,1641750,Ryan Kalkbrenner,0.11429338902235031,-0.17492936551570892,-0.06063549593091011,11.429338902235031,-17.492936551570892,-6.063549593091011,261.0
CHI,2025-26,1630541,Moses Moody,-0.10885447263717651,0.04782423377037048,-0.06103036552667618,-10.885447263717651,4.782423377037048,-6.103036552667618,71.0
CHI,2025-26,1642403,Isaac Jones,-0.014072838239371777,-0.048568714410066605,-0.06264156848192215,-1.4072838239371777,-4.8568714410066605,-6.264156848192215,7.0
CHI,2025-26,1642461,Spencer Jones,0.01826326549053192,-0.08184739202260971,-0.06358415633440018,1.8263265490531921,-8.184739202260971,-6.358415633440018,29.0
CHI,2025-26,1641801,Emanuel Miller,-0.006238296162337065,-0.05754004791378975,-0.06377837806940079,-0.6238296162337065,-5.754004791378975,-6.377837806940079,104.0
CHI,2025-26,1629673,Jordan Poole,-0.3822890818119049,0.31797903776168823,-0.0643102377653122,-38.22890818119049,31.797903776168823,-6.4310237765312195,114.0
CHI,2025-26,1630552,Jalen Johnson,-0.09595423191785812,0.030773863196372986,-0.06518024206161499,-9.595423191785812,3.0773863196372986,-6.518024206161499,139.0
CHI,2025-26,1630558,Davion Mitchell,-0.0926956906914711,0.027462927624583244,-0.06523274630308151,-9.26956906914711,2.7462927624583244,-6.523274630308151,116.0
CHI,2025-26,1630217,Desmond Bane,0.04830044507980347,-0.11482420563697815,-0.06652377545833588,4.830044507980347,-11.482420563697815,-6.652377545833588,143.0
CHI,2025-26,1642281,Jaylon Tyson,0.10873986780643463,-0.17551015317440033,-0.06677024811506271,10.873986780643463,-17.551015317440033,-6.677024811506271,140.0
CHI,2025-26,1629614,Andrew Nembhard,0.04297606647014618,-0.11045441776514053,-0.06747827678918839,4.297606647014618,-11.045441776514053,-6.7478276789188385,262.0
CHI,2025-26,1642845,VJ Edgecombe,-0.12000341713428497,0.0512043833732605,-0.06879881769418716,-12.000341713428497,5.12043833732605,-6.879881769418716,166.0
CHI,2025-26,1631110,Jeremy Sochan,-0.05670638754963875,-0.014466811902821064,-0.07117312401533127,-5.670638754963875,-1.4466811902821064,-7.117312401533127,54.0
CHI,2025-26,1631105,Jalen Duren,-0.14279474318027496,0.07016294449567795,-0.07263188064098358,-14.279474318027496,7.016294449567795,-7.263188064098358,81.0
CHI,2025-26,1642404,Chaz Lanier,0.04150162264704704,-0.11539562046527863,-0.0738939717411995,4.150162264704704,-11.539562046527863,-7.389397174119949,84.0
CHI,2025-26,1628386,Jarrett Allen,0.0801650658249855,-0.1542939990758896,-0.07412879914045334,8.01650658249855,-15.429399907588959,-7.412879914045334,114.0
CHI,2025-26,1642450,Daniss Jenkins,0.18768076598644257,-0.2624553143978119,-0.07477511465549469,18.768076598644257,-26.24553143978119,-7.477511465549469,177.0
CHI,2025-26,1629048,Goga Bitadze,0.03361191973090172,-0.10845399647951126,-0.07484205067157745,3.361191973090172,-10.845399647951126,-7.484205067157745,85.0
CHI,2025-26,203903,Jordan Clarkson,0.015027261339128017,-0.093182772397995,-0.07815547287464142,1.5027261339128017,-9.3182772397995,-7.815547287464142,132.0
CHI,2025-26,1631094,Paolo Banchero,0.0698569267988205,-0.1504240334033966,-0.08056709915399551,6.98569267988205,-15.04240334033966,-8.056709915399551,165.0
CHI,2025-26,1641854,Craig Porter Jr.,-0.04105770215392113,-0.04444591701030731,-0.08550365269184113,-4.105770215392113,-4.444591701030731,-8.550365269184113,24.0
CHI,2025-26,203468,CJ McCollum,-0.09315229952335358,0.004917794372886419,-0.08823425322771072,-9.315229952335358,0.49177943728864193,-8.823425322771072,120.0
CHI,2025-26,1628404,Josh Hart,0.18038588762283325,-0.2739020586013794,-0.09351624548435211,18.038588762283325,-27.39020586013794,-9.351624548435211,175.0
CHI,2025-26,1628973,Jalen Brunson,-0.12170585989952087,0.025685161352157593,-0.09602060914039612,-12.170585989952087,2.5685161352157593,-9.602060914039612,289.0
CHI,2025-26,202685,Jonas Valančiūnas,0.0020898221991956234,-0.0984576940536499,-0.09636788815259933,0.20898221991956234,-9.84576940536499,-9.636788815259933,21.0
CHI,2025-26,1629004,Svi Mykhailiuk,0.03184802085161209,-0.12977485358715057,-0.0979270488023758,3.184802085161209,-12.977485358715057,-9.79270488023758,131.0
CHI,2025-26,1630570,Trendon Watford,-0.14862199127674103,0.048159852623939514,-0.10046214610338211,-14.862199127674103,4.815985262393951,-10.046214610338211,75.0
CHI,2025-26,1630551,Justin Champagnie,-0.15165363252162933,0.05039152130484581,-0.10126214474439621,-15.165363252162933,5.039152130484581,-10.126214474439621,113.0
CHI,2025-26,1628975,Jevon Carter,-0.14903666079044342,0.04410528019070625,-0.10493145138025284,-14.903666079044342,4.410528019070625,-10.493145138025284,790.0
CHI,2025-26,1642277,Johnny Furphy,-0.2154599130153656,0.10924376547336578,-0.1062161773443222,-21.54599130153656,10.924376547336578,-10.62161773443222,63.0
CHI,2025-26,203897,Zach LaVine,-0.2065221518278122,0.09813309460878372,-0.10838878899812698,-20.65221518278122,9.813309460878372,-10.838878899812698,160.0
CHI,2025-26,202699,Tobias Harris,-0.20555466413497925,0.09689603745937347,-0.1086583286523819,-20.555466413497925,9.689603745937347,-10.86583286523819,158.0
CHI,2025-26,1629018,Gary Trent Jr.,-0.014860458672046661,-0.09940841048955917,-0.11426890641450882,-1.4860458672046661,-9.940841048955917,-11.426890641450882,100.0
CHI,2025-26,1628368,De'Aaron Fox,-0.2351071685552597,0.11119833588600159,-0.12390876561403275,-23.51071685552597,11.119833588600159,-12.390876561403275,179.0
CHI,2025-26,1630700,Dyson Daniels,-0.14636147022247314,0.021048100665211678,-0.1253134310245514,-14.636147022247314,2.1048100665211678,-12.53134310245514,152.0
CHI,2025-26,202696,Nikola Vučević,0.02485039457678795,-0.1572137475013733,-0.13236333429813385,2.485039457678795,-15.721374750137329,-13.236333429813385,2833.0
CHI,2025-26,1630322,Lindy Waters III,-0.1177353709936142,-0.016583800315856934,-0.13431920111179352,-11.77353709936142,-1.6583800315856934,-13.431920111179352,35.0
CHI,2025-26,1641767,Ben Sheppard,0.24715176224708557,-0.38327640295028687,-0.13612483441829681,24.715176224708557,-38.32764029502869,-13.612483441829681,91.0
CHI,2025-26,201942,DeMar DeRozan,-0.14478133618831635,0.0057708206586539745,-0.13901057839393616,-14.478133618831635,0.5770820658653975,-13.901057839393616,149.0
CHI,2025-26,1642855,Noa Essengue,0.003859590971842408,-0.14664512872695923,-0.1427854597568512,0.3859590971842408,-14.664512872695923,-14.27854597568512,30.0
CHI,2025-26,1642852,Derik Queen,-0.08414068073034286,-0.06600502878427505,-0.15014585852622986,-8.414068073034286,-6.6005028784275055,-15.014585852622986,186.0
CHI,2025-26,1630540,Miles McBride,-0.1848985254764557,0.02542712911963463,-0.15947143733501434,-18.48985254764557,2.542712911963463,-15.947143733501434,217.0
CHI,2025-26,1630526,Jeremiah Robinson-Earl,0.03475450351834297,-0.21791452169418335,-0.18316000699996948,3.475450351834297,-21.791452169418335,-18.31600069999695,48.0
CHI,2025-26,203501,Tim Hardaway Jr.,-0.0035631025675684214,-0.2021917700767517,-0.2057550847530365,-0.35631025675684214,-20.21917700767517,-20.57550847530365,85.0
CHI,2025-26,1642878,Tyrese Proctor,-0.011601395905017853,-0.19423453509807587,-0.2058359831571579,-1.1601395905017853,-19.423453509807587,-20.58359831571579,55.0
